field_scale,station_m,b_perp_t,hartmann,total_pressure_drop_pa,hydraulic_pressure_drop_pa,mhd_pressure_drop_pa,curvature_pressure_drop_pa,total_pressure_gradient_pa_per_m
4.000000000000e+00,0.000000000000e+00,2.022507600486e-02,5.084505266222e+01,0.000000000000e+00,0.000000000000e+00,0.000000000000e+00,0.000000000000e+00,3.360883672488e+01
4.000000000000e+00,3.169014084507e-02,2.053543552756e-02,5.162528440385e+01,1.076153471039e+00,3.482165645469e-01,7.279369064924e-01,0.000000000000e+00,3.430840455848e+01
4.000000000000e+00,6.338028169014e-02,2.083937451243e-02,5.238937516366e+01,2.174410632084e+00,6.964331290938e-01,1.477977502990e+00,0.000000000000e+00,3.500382516077e+01
4.000000000000e+00,9.507042253521e-02,2.113540470600e-02,5.313358353044e+01,3.294574671798e+00,1.044649693641e+00,2.249924978157e+00,0.000000000000e+00,3.569097201231e+01
4.000000000000e+00,1.267605633803e-01,2.142187952995e-02,5.385377007049e+01,4.436309268308e+00,1.392866258188e+00,3.043443010121e+00,0.000000000000e+00,3.636516696747e+01
4.000000000000e+00,1.584507042254e-01,2.169698476791e-02,5.454537391457e+01,5.599120597547e+00,1.741082822734e+00,3.858037774813e+00,0.000000000000e+00,3.702114803338e+01
4.000000000000e+00,1.901408450704e-01,2.195872552693e-02,5.520337997956e+01,6.782338243804e+00,2.089299387281e+00,4.693038856522e+00,0.000000000000e+00,3.765303230814e+01
4.000000000000e+00,2.218309859155e-01,2.220490202308e-02,5.582225809442e+01,7.985094580744e+00,2.437515951828e+00,5.547578628916e+00,0.000000000000e+00,3.825425651208e+01
4.000000000000e+00,2.535211267606e-01,2.243310026824e-02,5.639593958715e+01,9.206302935658e+00,2.785732516375e+00,6.420570419282e+00,0.000000000000e+00,3.881755966470e+01
4.000000000000e+00,2.852112676056e-01,2.264068089426e-02,5.691778918903e+01,1.044463528777e+01,3.133949080922e+00,7.310686206847e+00,0.000000000000e+00,3.933497100188e+01
4.000000000000e+00,3.169014084507e-01,2.282474562526e-02,5.738052074756e+01,1.169849888116e+01,3.482165645469e+00,8.216333235694e+00,0.000000000000e+00,3.979775355896e+01
4.000000000000e+00,3.485915492958e-01,2.298212982714e-02,5.777617849594e+01,1.296601230015e+01,3.830382210016e+00,9.135630090139e+00,0.000000000000e+00,4.019642666188e+01
4.000000000000e+00,3.802816901408e-01,2.310937829316e-02,5.809607617910e+01,1.424498189011e+01,4.178598774563e+00,1.006638311555e+01,0.000000000000e+00,4.052076523775e+01
4.000000000000e+00,4.119718309859e-01,2.320272661746e-02,5.833075022749e+01,1.553287873820e+01,4.526815339110e+00,1.100606339909e+01,0.000000000000e+00,4.075983584131e+01
4.000000000000e+00,4.436619718310e-01,2.325807511806e-02,5.846989420042e+01,1.682681693973e+01,4.875031903657e+00,1.195178503607e+01,0.000000000000e+00,4.090204176625e+01
4.000000000000e+00,4.753521126761e-01,2.327097579837e-02,5.850232600781e+01,1.812353436826e+01,5.223248468203e+00,1.290028590006e+01,0.000000000000e+00,4.093523594576e+01
4.000000000000e+00,5.070422535211e-01,2.323659695685e-02,5.841589894039e+01,1.941937677355e+01,5.571465032750e+00,1.384791174080e+01,0.000000000000e+00,4.084681807679e+01
4.000000000000e+00,5.387323943662e-01,2.314971573651e-02,5.819748293925e+01,2.071028688778e+01,5.919681597297e+00,1.479060529048e+01,0.000000000000e+00,4.062395357699e+01
4.000000000000e+00,5.704225352113e-01,2.300468459725e-02,5.783288030877e+01,2.199180035178e+01,6.267898161844e+00,1.572390218994e+01,0.000000000000e+00,4.025378504000e+01
4.000000000000e+00,6.021126760563e-01,2.279541268945e-02,5.730677889039e+01,2.325905006763e+01,6.616114726391e+00,1.664293534124e+01,0.000000000000e+00,3.972375258235e+01
4.000000000000e+00,6.338028169014e-01,2.251534722745e-02,5.660270523645e+01,2.450678201125e+01,6.964331290938e+00,1.754245072032e+01,0.000000000000e+00,3.902199674866e+01
4.000000000000e+00,6.654929577465e-01,2.215744927526e-02,5.570296373620e+01,2.572938511579e+01,7.312547855485e+00,1.841683726031e+01,0.000000000000e+00,3.813784362664e+01
4.000000000000e+00,6.971830985915e-01,2.171419002116e-02,5.458862725053e+01,2.692093908973e+01,7.660764420032e+00,1.926017466970e+01,0.000000000000e+00,3.706245161753e+01
4.000000000000e+00,7.288732394366e-01,2.117751725018e-02,5.323945282488e+01,2.807528357333e+01,8.008980984579e+00,2.006630258875e+01,0.000000000000e+00,3.578951134748e+01
4.000000000000e+00,7.605633802817e-01,2.053886093199e-02,5.163389573706e+01,2.918611326980e+01,8.357197549126e+00,2.082891572067e+01,0.000000000000e+00,3.431618505154e+01
4.000000000000e+00,7.922535211268e-01,1.978911831975e-02,4.974907203635e+01,3.024710459121e+01,8.705414113672e+00,2.154169047754e+01,0.000000000000e+00,3.264415612210e+01
4.000000000000e+00,8.239436619718e-01,1.891866326332e-02,4.756078195657e+01,3.125207926177e+01,9.053630678219e+00,2.219844858355e+01,0.000000000000e+00,3.078091197573e+01
4.000000000000e+00,8.556338028169e-01,1.791734434664e-02,4.504350523346e+01,3.219521122393e+01,9.401847242766e+00,2.279336398116e+01,0.000000000000e+00,2.874119408044e+01
4.000000000000e+00,8.873239436620e-01,1.677451655269e-02,4.217048070917e+01,3.307128388187e+01,9.750063807313e+00,2.332122007456e+01,0.000000000000e+00,2.654872477630e+01
4.000000000000e+00,9.190140845070e-01,1.547904871404e-02,3.891372506275e+01,3.387600469117e+01,1.009828037186e+01,2.377772431931e+01,0.000000000000e+00,2.423809963269e+01
4.000000000000e+00,9.507042253521e-01,1.401937939227e-02,3.524417328864e+01,3.460638471124e+01,1.044649693641e+01,2.415988777484e+01,0.000000000000e+00,2.185699496742e+01
4.000000000000e+00,9.823943661972e-01,1.238356344402e-02,3.113179576213e+01,3.526119117206e+01,1.079471350095e+01,2.446647767110e+01,0.000000000000e+00,1.946856833746e+01
4.000000000000e+00,1.014084507042e+00,1.055934187025e-02,2.654577383749e+01,3.584147994041e+01,1.114293006550e+01,2.469854987491e+01,0.000000000000e+00,1.715410059845e+01
4.000000000000e+00,1.045774647887e+00,8.534224703908e-03,2.145470822444e+01,3.635121478105e+01,1.149114663005e+01,2.486006815101e+01,0.000000000000e+00,1.501583156664e+01
4.000000000000e+00,1.077464788732e+00,6.295627914369e-03,1.582696316053e+01,3.679797938230e+01,1.183936319459e+01,2.495861618771e+01,0.000000000000e+00,1.317997882317e+01
4.000000000000e+00,1.109154929577e+00,3.830963047221e-03,9.630891762095e+00,3.719378518729e+01,1.218757975914e+01,2.500620542815e+01,0.000000000000e+00,1.179976531409e+01
4.000000000000e+00,1.140845070423e+00,1.127817435190e-03,2.835289067483e+00,3.755597612515e+01,1.253579632369e+01,2.502017980147e+01,0.000000000000e+00,1.105850720877e+01
4.000000000000e+00,1.172535211268e+00,1.825865707360e-03,4.590155212398e+00,3.790822840384e+01,1.288401288824e+01,2.502421551561e+01,0.000000000000e+00,1.117252549057e+01
4.000000000000e+00,1.204225352113e+00,5.041578784585e-03,1.267433253360e+01,3.828163779078e+01,1.323222945278e+01,2.504940833799e+01,0.000000000000e+00,1.239375581818e+01
4.000000000000e+00,1.235915492958e+00,8.530022576451e-03,2.144414423982e+01,3.871588180190e+01,1.358044601733e+01,2.513543578457e+01,0.000000000000e+00,1.501186621698e+01
4.000000000000e+00,1.267605633803e+00,1.230078469962e-02,3.092369322559e+01,3.926043627548e+01,1.392866258188e+01,2.533177369361e+01,0.000000000000e+00,1.935557167164e+01
4.000000000000e+00,1.299295774648e+00,1.636211574078e-02,4.113372114424e+01,3.997581886672e+01,1.427687914642e+01,2.569893972029e+01,0.000000000000e+00,2.579301853068e+01
4.000000000000e+00,1.330985915493e+00,2.072055265307e-02,5.209066164115e+01,4.093482210129e+01,1.462509571097e+01,2.630972639032e+01,0.000000000000e+00,3.473074116228e+01
4.000000000000e+00,1.362676056338e+00,2.538058906794e-02,6.380581153055e+01,4.222368781364e+01,1.497331227552e+01,2.725037553812e+01,0.000000000000e+00,4.661100601730e+01
4.000000000000e+00,1.394366197183e+00,3.034426458180e-02,7.628429827838e+01,4.394316311978e+01,1.532152884006e+01,2.862163427972e+01,0.000000000000e+00,6.190699108139e+01
4.000000000000e+00,1.426056338028e+00,3.561081737280e-02,8.952420669417e+01,4.620936889676e+01,1.566974540461e+01,3.053962349215e+01,0.000000000000e+00,8.111577350985e+01
4.000000000000e+00,1.457746478873e+00,4.117627814412e-02,1.035155581205e+02,4.915440197650e+01,1.601796196916e+01,3.313644000734e+01,0.000000000000e+00,1.047485364116e+02
4.000000000000e+00,1.489436619718e+00,4.703301936388e-02,1.182391772394e+02,5.292657617717e+01,1.636617853370e+01,3.656039764347e+01,0.000000000000e+00,1.333175686976e+02
4.000000000000e+00,1.521126760563e+00,5.316944047809e-02,1.336659007105e+02,5.769021041549e+01,1.671439509825e+01,4.097581531724e+01,0.000000000000e+00,1.673206810096e+02
4.000000000000e+00,1.552816901408e+00,5.956956371665e-02,1.497555610426e+02,6.362486616970e+01,1.706261166280e+01,4.656225450691e+01,0.000000000000e+00,2.072220377009e+02
4.000000000000e+00,1.584507042254e+00,6.621267646551e-02,1.664560875314e+02,7.092392890456e+01,1.741082822734e+01,5.351310067721e+01,0.000000000000e+00,2.534299215653e+02
4.000000000000e+00,1.616197183099e+00,7.307313382626e-02,1.837030099020e+02,7.979245526261e+01,1.775904479189e+01,6.203341047072e+01,0.000000000000e+00,3.062726308095e+02
4.000000000000e+00,1.647887323944e+00,8.012011647224e-02,2.014188495685e+02,9.044421490580e+01,1.810726135644e+01,7.233695354936e+01,0.000000000000e+00,3.659717555609e+02
4.000000000000e+00,1.679577464789e+00,8.731747418642e-02,2.195127262945e+02,1.030978662589e+02,1.845547792099e+01,8.464238833788e+01,0.000000000000e+00,4.326142409437e+02
4.000000000000e+00,1.711267605634e+00,9.462381899357e-02,2.378805923237e+02,1.179722708344e+02,1.880369448553e+01,9.916857634888e+01,0.000000000000e+00,5.061259589352e+02
4.000000000000e+00,1.742957746479e+00,1.019925773144e-01,2.564053634932e+02,1.352809756424e+02,1.915191105008e+01,1.161290645924e+02,0.000000000000e+00,5.862456333937e+02
4.000000000000e+00,1.774647887324e+00,1.093722209334e-01,2.749574998782e+02,1.552259268935e+02,1.950012761463e+01,1.357257992789e+02,0.000000000000e+00,6.725024011167e+02
4.000000000000e+00,1.806338028169e+00,1.167067661881e-01,2.933962607333e+02,1.779905794852e+02,1.984834417917e+01,1.581422353060e+02,0.000000000000e+00,7.642001180053e+02
4.000000000000e+00,1.838028169014e+00,1.239362061024e-01,3.115707908596e+02,2.037325825426e+02,2.019656074372e+01,1.835360217989e+02,0.000000000000e+00,8.604062971706e+02
4.000000000000e+00,1.869718309859e+00,1.309973299503e-01,3.293221809566e+02,2.325763003505e+02,2.054477730827e+01,2.120315230422e+02,0.000000000000e+00,9.599527822606e+02
4.000000000000e+00,1.901408450704e+00,1.378245055676e-01,3.464854343213e+02,2.646054831765e+02,2.089299387281e+01,2.437124893037e+02,0.000000000000e+00,1.061444533870e+03
4.000000000000e+00,1.933098591549e+00,1.443507224321e-01,3.628920891139e+02,2.998564240938e+02,2.124121043736e+01,2.786152136565e+02,0.000000000000e+00,1.163281515135e+03
4.000000000000e+00,1.964788732394e+00,1.505087018013e-01,3.783730091975e+02,3.383119878263e+02,2.158942700191e+01,3.167225608244e+02,0.000000000000e+00,1.263691840428e+03
4.000000000000e+00,1.996478873239e+00,1.562321335077e-01,3.927614933967e+02,3.798968827831e+02,2.193764356645e+01,3.579592392166e+02,0.000000000000e+00,1.360777085731e+03
4.000000000000e+00,2.028169014085e+00,1.614569425583e-01,4.058964596762e+02,4.244745275615e+02,2.228586013100e+01,4.021886674305e+02,0.000000000000e+00,1.452567606953e+03
4.000000000000e+00,2.059859154930e+00,1.661226004362e-01,4.176257417046e+02,4.718458104884e+02,2.263407669555e+01,4.492117337929e+02,0.000000000000e+00,1.537086693324e+03
4.000000000000e+00,2.091549295775e+00,1.701734662056e-01,4.278094603380e+02,5.217499871164e+02,2.298229326010e+01,4.987676938563e+02,0.000000000000e+00,1.612421342752e+03
4.000000000000e+00,2.123239436620e+00,1.735599786043e-01,4.363230204954e+02,5.738678315239e+02,2.333050982464e+01,5.505373216993e+02,0.000000000000e+00,1.676793726522e+03
4.000000000000e+00,2.154929577465e+00,1.762398779392e-01,4.430601829555e+02,6.278270660195e+02,2.367872638919e+01,6.041483396303e+02,0.000000000000e+00,1.728633517203e+03
4.000000000000e+00,2.186619718310e+00,1.781791299582e-01,4.479353869351e+02,6.832099469880e+02,2.402694295374e+01,6.591830040342e+02,0.000000000000e+00,1.766641637249e+03
4.000000000000e+00,2.218309859155e+00,1.793528199196e-01,4.508859977454e+02,7.395846291221e+02,2.437515951828e+01,7.151876046315e+02,2.186497233679e-02,1.791227190771e+03
4.000000000000e+00,2.250000000000e+00,1.797457635403e-01,4.518738426900e+02,7.965908248207e+02,2.472337608283e+01,7.716835412913e+02,1.839074465679e-01,1.806497159986e+03
4.000000000000e+00,2.269771863834e+00,1.797457337379e-01,4.518737677682e+02,8.324269383939e+02,2.494063262747e+01,8.070091778615e+02,4.771279048961e-01,1.818463427780e+03
4.000000000000e+00,2.289543727669e+00,1.797457635403e-01,4.518738426900e+02,8.684032157357e+02,2.515788917211e+01,8.423348144317e+02,9.105121318421e-01,1.820675263759e+03
4.000000000000e+00,2.309315591503e+00,1.797457337379e-01,4.518737677682e+02,9.044013532803e+02,2.537514571674e+01,8.776604510019e+02,1.365756561600e+00,1.820674671292e+03
4.000000000000e+00,2.329087455338e+00,1.797457635403e-01,4.518738426900e+02,9.403994908248e+02,2.559240226138e+01,9.129860875721e+02,1.821000991357e+00,1.820675263759e+03
4.000000000000e+00,2.348859319172e+00,1.797457337379e-01,4.518737677682e+02,9.763976283694e+02,2.580965880602e+01,9.483117241423e+02,2.276245421115e+00,1.820674671292e+03
4.000000000000e+00,2.368631183006e+00,1.797457337379e-01,4.518737677682e+02,1.012395760057e+03,2.602691535066e+01,9.836373548554e+02,2.731489850873e+00,1.820674671292e+03
4.000000000000e+00,2.388403046841e+00,1.797457188368e-01,4.518737303072e+02,1.048393888816e+03,2.624417189530e+01,1.018962982640e+03,3.186734280630e+00,1.820674375059e+03
4.000000000000e+00,2.408174910675e+00,1.797457337379e-01,4.518737677682e+02,1.084392017575e+03,2.646142843994e+01,1.054288610425e+03,3.641978710388e+00,1.820674671292e+03
4.000000000000e+00,2.427946774510e+00,1.797457486391e-01,4.518738052291e+02,1.120390152191e+03,2.667868498457e+01,1.089614244066e+03,4.097223140146e+00,1.820674967526e+03
4.000000000000e+00,2.447718638344e+00,1.797457486391e-01,4.518738052291e+02,1.156388289736e+03,2.689594152921e+01,1.124939880636e+03,4.552467569903e+00,1.820674967526e+03
4.000000000000e+00,2.467490502178e+00,1.797457188368e-01,4.518737303072e+02,1.192386421423e+03,2.711319807385e+01,1.160265511350e+03,5.007711999661e+00,1.820674375059e+03
4.000000000000e+00,2.487262366013e+00,1.797457635403e-01,4.518738426900e+02,1.228384556039e+03,2.733045461849e+01,1.195591144991e+03,5.462956429419e+00,1.820675263759e+03
4.000000000000e+00,2.507034229847e+00,1.797457337379e-01,4.518737677682e+02,1.264382693584e+03,2.754771116313e+01,1.230916781561e+03,5.918200859176e+00,1.820674671292e+03
4.000000000000e+00,2.526806093681e+00,1.797457337379e-01,4.518737677682e+02,1.300380825271e+03,2.776496770777e+01,1.266242412275e+03,6.373445288934e+00,1.820674671292e+03
4.000000000000e+00,2.546577957516e+00,1.797457188368e-01,4.518737303072e+02,1.336378954030e+03,2.798222425240e+01,1.301568040059e+03,6.828689718692e+00,1.820674375059e+03
4.000000000000e+00,2.566349821350e+00,1.797457486391e-01,4.518738052291e+02,1.372377085718e+03,2.819948079704e+01,1.336893670772e+03,7.283934148449e+00,1.820674967526e+03
4.000000000000e+00,2.586121685185e+00,1.797457188368e-01,4.518737303072e+02,1.408375217405e+03,2.841673734168e+01,1.372219301485e+03,7.739178578207e+00,1.820674375059e+03
4.000000000000e+00,2.605893549019e+00,1.797457486391e-01,4.518738052291e+02,1.444373349093e+03,2.863399388632e+01,1.407544932198e+03,8.194423007965e+00,1.820674967526e+03
4.000000000000e+00,2.625665412853e+00,1.797457337379e-01,4.518737677682e+02,1.480371483709e+03,2.885125043096e+01,1.442870565840e+03,8.649667437722e+00,1.820674671292e+03
4.000000000000e+00,2.645437276688e+00,1.797457188368e-01,4.518737303072e+02,1.516369612468e+03,2.906850697560e+01,1.478196193625e+03,9.104911867480e+00,1.820674375059e+03
4.000000000000e+00,2.665209140522e+00,1.797457486391e-01,4.518738052291e+02,1.552367744155e+03,2.928576352023e+01,1.513521824338e+03,9.560156297238e+00,1.820674967526e+03
4.000000000000e+00,2.684981004357e+00,1.797457486391e-01,4.518738052291e+02,1.588365881700e+03,2.950302006487e+01,1.548847460908e+03,1.001540072700e+01,1.820674967526e+03
4.000000000000e+00,2.704752868191e+00,1.797457337379e-01,4.518737677682e+02,1.624364016316e+03,2.972027660951e+01,1.584173094550e+03,1.047064515675e+01,1.820674671292e+03
4.000000000000e+00,2.724524732025e+00,1.797457337379e-01,4.518737677682e+02,1.660362148003e+03,2.993753315415e+01,1.619498725263e+03,1.092588958651e+01,1.820674671292e+03
4.000000000000e+00,2.744296595860e+00,1.797457337379e-01,4.518737677682e+02,1.696360279691e+03,3.015478969879e+01,1.654824355976e+03,1.138113401627e+01,1.820674671292e+03
4.000000000000e+00,2.764068459694e+00,1.797457486391e-01,4.518738052291e+02,1.732358414307e+03,3.037204624342e+01,1.690149989618e+03,1.183637844603e+01,1.820674967526e+03
4.000000000000e+00,2.783840323529e+00,1.797457486391e-01,4.518738052291e+02,1.768356551852e+03,3.058930278806e+01,1.725475626188e+03,1.229162287578e+01,1.820674967526e+03
4.000000000000e+00,2.803612187363e+00,1.797457486391e-01,4.518738052291e+02,1.804354689396e+03,3.080655933270e+01,1.760801262758e+03,1.274686730554e+01,1.820674967526e+03
4.000000000000e+00,2.823384051197e+00,1.797457486391e-01,4.518738052291e+02,1.840352826941e+03,3.102381587734e+01,1.796126899328e+03,1.320211173530e+01,1.820674967526e+03
4.000000000000e+00,2.843155915032e+00,1.797457486391e-01,4.518738052291e+02,1.876350964485e+03,3.124107242198e+01,1.831452535898e+03,1.365735616506e+01,1.820674967526e+03
4.000000000000e+00,2.862927778866e+00,1.797457337379e-01,4.518737677682e+02,1.912349099101e+03,3.145832896662e+01,1.866778169540e+03,1.411260059481e+01,1.820674671292e+03
4.000000000000e+00,2.882699642700e+00,1.797457486391e-01,4.518738052291e+02,1.948347233718e+03,3.167558551125e+01,1.902103803182e+03,1.456784502457e+01,1.820674967526e+03
4.000000000000e+00,2.902471506535e+00,1.797457337379e-01,4.518737677682e+02,1.984345368334e+03,3.189284205589e+01,1.937429436823e+03,1.502308945433e+01,1.820674671292e+03
4.000000000000e+00,2.922243370369e+00,1.797457486391e-01,4.518738052291e+02,2.020343502950e+03,3.211009860053e+01,1.972755070465e+03,1.547833388409e+01,1.820674967526e+03
4.000000000000e+00,2.942015234204e+00,1.797457188368e-01,4.518737303072e+02,2.056341634637e+03,3.232735514517e+01,2.008080701178e+03,1.593357831385e+01,1.820674375059e+03
4.000000000000e+00,2.961787098038e+00,1.797457337379e-01,4.518737677682e+02,2.092339763396e+03,3.254461168981e+01,2.043406328963e+03,1.638882274360e+01,1.820674671292e+03
4.000000000000e+00,2.981558961872e+00,1.797457635403e-01,4.518738426900e+02,2.128337900941e+03,3.276186823445e+01,2.078731965533e+03,1.684406717336e+01,1.820675263759e+03
4.000000000000e+00,3.001330825707e+00,1.797457188368e-01,4.518737303072e+02,2.164336035557e+03,3.297912477908e+01,2.114057599175e+03,1.729931160312e+01,1.820674375059e+03
4.000000000000e+00,3.021102689541e+00,1.797457635403e-01,4.518738426900e+02,2.200334170173e+03,3.319638132372e+01,2.149383232816e+03,1.775455603288e+01,1.820675263759e+03
4.000000000000e+00,3.040874553376e+00,1.797457486391e-01,4.518738052291e+02,2.236332310646e+03,3.341363786836e+01,2.184708872315e+03,1.820980046263e+01,1.820674967526e+03
4.000000000000e+00,3.060646417210e+00,1.797457337379e-01,4.518737677682e+02,2.272330445262e+03,3.363089441300e+01,2.220034505957e+03,1.866504489239e+01,1.820674671292e+03
4.000000000000e+00,3.080418281044e+00,1.797457486391e-01,4.518738052291e+02,2.308328579878e+03,3.384815095764e+01,2.255360139598e+03,1.912028932215e+01,1.820674967526e+03
4.000000000000e+00,3.100190144879e+00,1.797457486391e-01,4.518738052291e+02,2.344326717423e+03,3.406540750228e+01,2.290685776169e+03,1.957553375191e+01,1.820674967526e+03
4.000000000000e+00,3.119962008713e+00,1.797457635403e-01,4.518738426900e+02,2.380324857896e+03,3.428266404691e+01,2.326011415667e+03,2.003077818166e+01,1.820675263759e+03
4.000000000000e+00,3.139733872548e+00,1.797457337379e-01,4.518737677682e+02,2.416322995440e+03,3.449992059155e+01,2.361337052237e+03,2.048602261142e+01,1.820674671292e+03
4.000000000000e+00,3.159505736382e+00,1.797457635403e-01,4.518738426900e+02,2.452321132985e+03,3.471717713619e+01,2.396662688808e+03,2.094126704118e+01,1.820675263759e+03
4.000000000000e+00,3.179277600216e+00,1.797457337379e-01,4.518737677682e+02,2.488319270530e+03,3.493443368083e+01,2.431988325378e+03,2.139651147094e+01,1.820674671292e+03
4.000000000000e+00,3.199049464051e+00,1.797457337379e-01,4.518737677682e+02,2.524317402217e+03,3.515169022547e+01,2.467313956091e+03,2.185175590069e+01,1.820674671292e+03
4.000000000000e+00,3.218821327885e+00,1.797457635403e-01,4.518738426900e+02,2.560315539762e+03,3.536894677011e+01,2.502639592661e+03,2.230700033045e+01,1.820675263759e+03
4.000000000000e+00,3.238593191720e+00,1.797457337379e-01,4.518737677682e+02,2.596313677306e+03,3.558620331474e+01,2.537965229231e+03,2.276224476021e+01,1.820674671292e+03
4.000000000000e+00,3.258365055554e+00,1.797457486391e-01,4.518738052291e+02,2.632311811922e+03,3.580345985938e+01,2.573290862873e+03,2.321748918997e+01,1.820674967526e+03
4.000000000000e+00,3.278136919388e+00,1.797457486391e-01,4.518738052291e+02,2.668309949467e+03,3.602071640402e+01,2.608616499443e+03,2.367273361973e+01,1.820674967526e+03
4.000000000000e+00,3.297908783223e+00,1.797457337379e-01,4.518737677682e+02,2.704308084083e+03,3.623797294866e+01,2.643942133085e+03,2.412797804948e+01,1.820674671292e+03
4.000000000000e+00,3.317680647057e+00,1.797457486391e-01,4.518738052291e+02,2.740306218699e+03,3.645522949330e+01,2.679267766727e+03,2.458322247924e+01,1.820674967526e+03
4.000000000000e+00,3.337452510891e+00,1.797457188368e-01,4.518737303072e+02,2.776304350387e+03,3.667248603794e+01,2.714593397440e+03,2.503846690900e+01,1.820674375059e+03
4.000000000000e+00,3.357224374726e+00,1.797457337379e-01,4.518737677682e+02,2.812302479146e+03,3.688974258257e+01,2.749919025224e+03,2.549371133876e+01,1.820674671292e+03
4.000000000000e+00,3.376996238560e+00,1.797457635403e-01,4.518738426900e+02,2.848300616690e+03,3.710699912721e+01,2.785244661794e+03,2.594895576851e+01,1.820675263759e+03
4.000000000000e+00,3.396768102395e+00,1.797457486391e-01,4.518738052291e+02,2.884298757163e+03,3.732425567185e+01,2.820570301293e+03,2.640420019827e+01,1.820674967526e+03
4.000000000000e+00,3.416539966229e+00,1.797457635403e-01,4.518738426900e+02,2.920296897636e+03,3.754151221649e+01,2.855895940792e+03,2.685944462803e+01,1.820675263759e+03
4.000000000000e+00,3.436311830063e+00,1.797457188368e-01,4.518737303072e+02,2.956295032253e+03,3.775876876113e+01,2.891221574434e+03,2.731468905779e+01,1.820674375059e+03
4.000000000000e+00,3.456083693898e+00,1.797457188368e-01,4.518737303072e+02,2.992293158083e+03,3.797602530576e+01,2.926547199290e+03,2.776993348754e+01,1.820674375059e+03
4.000000000000e+00,3.475855557732e+00,1.797457486391e-01,4.518738052291e+02,3.028291289770e+03,3.819328185040e+01,2.961872830003e+03,2.822517791730e+01,1.820674967526e+03
4.000000000000e+00,3.495627421567e+00,1.797457337379e-01,4.518737677682e+02,3.064289424387e+03,3.841053839504e+01,2.997198463644e+03,2.868042234706e+01,1.820674671292e+03
4.000000000000e+00,3.515399285401e+00,1.797457635403e-01,4.518738426900e+02,3.100287561931e+03,3.862779493968e+01,3.032524100215e+03,2.913566677682e+01,1.820675263759e+03
4.000000000000e+00,3.535171149235e+00,1.797457635403e-01,4.518738426900e+02,3.136285705333e+03,3.884505148432e+01,3.067849742642e+03,2.959091120658e+01,1.820675263759e+03
4.000000000000e+00,3.554943013070e+00,1.797457486391e-01,4.518738052291e+02,3.172283845806e+03,3.906230802896e+01,3.103175382141e+03,3.004615563633e+01,1.820674967526e+03
4.000000000000e+00,3.574714876904e+00,1.797457337379e-01,4.518737677682e+02,3.208281980422e+03,3.927956457359e+01,3.138501015782e+03,3.050140006609e+01,1.820674671292e+03
4.000000000000e+00,3.594486740739e+00,1.797457486391e-01,4.518738052291e+02,3.244280115038e+03,3.949682111823e+01,3.173826649424e+03,3.095664449585e+01,1.820674967526e+03
4.000000000000e+00,3.614258604573e+00,1.797457486391e-01,4.518738052291e+02,3.280278252583e+03,3.971407766287e+01,3.209152285994e+03,3.141188892561e+01,1.820674967526e+03
4.000000000000e+00,3.634030468407e+00,1.797457635403e-01,4.518738426900e+02,3.316276393056e+03,3.993133420751e+01,3.244477925493e+03,3.186713335536e+01,1.820675263759e+03
4.000000000000e+00,3.653802332242e+00,1.797457635403e-01,4.518738426900e+02,3.352274536457e+03,4.014859075215e+01,3.279803567920e+03,3.232237778512e+01,1.820675263759e+03
4.000000000000e+00,3.673574196076e+00,1.797457635403e-01,4.518738426900e+02,3.388272679859e+03,4.036584729679e+01,3.315129210347e+03,3.277762221488e+01,1.820675263759e+03
4.000000000000e+00,3.693346059910e+00,1.797457635403e-01,4.518738426900e+02,3.424270823261e+03,4.058310384142e+01,3.350454852775e+03,3.323286664464e+01,1.820675263759e+03
4.000000000000e+00,3.713117923745e+00,1.797457486391e-01,4.518738052291e+02,3.460268963734e+03,4.080036038606e+01,3.385780492274e+03,3.368811107439e+01,1.820674967526e+03
4.000000000000e+00,3.732889787579e+00,1.797457486391e-01,4.518738052291e+02,3.496267101279e+03,4.101761693070e+01,3.421106128844e+03,3.414335550415e+01,1.820674967526e+03
4.000000000000e+00,3.752661651414e+00,1.797457337379e-01,4.518737677682e+02,3.532265235895e+03,4.123487347534e+01,3.456431762485e+03,3.459859993391e+01,1.820674671292e+03
4.000000000000e+00,3.772433515248e+00,1.797457486391e-01,4.518738052291e+02,3.568263370511e+03,4.145213001998e+01,3.491757396127e+03,3.505384436367e+01,1.820674967526e+03
4.000000000000e+00,3.792205379082e+00,1.797457635403e-01,4.518738426900e+02,3.604261510984e+03,4.166938656462e+01,3.527083035626e+03,3.550908879342e+01,1.820675263759e+03
4.000000000000e+00,3.811977242917e+00,1.797457635403e-01,4.518738426900e+02,3.640259654386e+03,4.188664310925e+01,3.562408678053e+03,3.596433322318e+01,1.820675263759e+03
4.000000000000e+00,3.831749106751e+00,1.797457337379e-01,4.518737677682e+02,3.676257791930e+03,4.210389965389e+01,3.597734314623e+03,3.641957765294e+01,1.820674671292e+03
4.000000000000e+00,3.851520970586e+00,1.797457486391e-01,4.518738052291e+02,3.712255926546e+03,4.232115619853e+01,3.633059948265e+03,3.687482208270e+01,1.820674967526e+03
4.000000000000e+00,3.871292834420e+00,1.797457188368e-01,4.518737303072e+02,3.748254058234e+03,4.253841274317e+01,3.668385578978e+03,3.733006651246e+01,1.820674375059e+03
4.000000000000e+00,3.891064698254e+00,1.797457188368e-01,4.518737303072e+02,3.784252184064e+03,4.275566928781e+01,3.703711203834e+03,3.778531094221e+01,1.820674375059e+03
4.000000000000e+00,3.910836562089e+00,1.797457635403e-01,4.518738426900e+02,3.820250318680e+03,4.297292583245e+01,3.739036837476e+03,3.824055537197e+01,1.820675263759e+03
4.000000000000e+00,3.930608425923e+00,1.797457486391e-01,4.518738052291e+02,3.856248459153e+03,4.319018237708e+01,3.774362476974e+03,3.869579980173e+01,1.820674967526e+03
4.000000000000e+00,3.950380289758e+00,1.797457635403e-01,4.518738426900e+02,3.892246599626e+03,4.340743892172e+01,3.809688116473e+03,3.915104423149e+01,1.820675263759e+03
4.000000000000e+00,3.970152153592e+00,1.797457337379e-01,4.518737677682e+02,3.928244737171e+03,4.362469546636e+01,3.845013753043e+03,3.960628866124e+01,1.820674671292e+03
4.000000000000e+00,3.989924017426e+00,1.797457188368e-01,4.518737303072e+02,3.964242865930e+03,4.384195201100e+01,3.880339380828e+03,4.006153309100e+01,1.820674375059e+03
4.000000000000e+00,4.009695881261e+00,1.797457486391e-01,4.518738052291e+02,4.000240997618e+03,4.405920855564e+01,3.915665011541e+03,4.051677752076e+01,1.820674967526e+03
4.000000000000e+00,4.029467745095e+00,1.797457337379e-01,4.518737677682e+02,4.036239132234e+03,4.427646510027e+01,3.950990645183e+03,4.097202195052e+01,1.820674671292e+03
4.000000000000e+00,4.049239608930e+00,1.797457486391e-01,4.518738052291e+02,4.072237266850e+03,4.449372164491e+01,3.986316278824e+03,4.142726638027e+01,1.820674967526e+03
4.000000000000e+00,4.069011472764e+00,1.797457486391e-01,4.518738052291e+02,4.108235404394e+03,4.471097818955e+01,4.021641915395e+03,4.188251081003e+01,1.820674967526e+03
4.000000000000e+00,4.088783336598e+00,1.797457337379e-01,4.518737677682e+02,4.144233539010e+03,4.492823473419e+01,4.056967549036e+03,4.233775523979e+01,1.820674671292e+03
4.000000000000e+00,4.108555200433e+00,1.797457635403e-01,4.518738426900e+02,4.180231676555e+03,4.514549127883e+01,4.092293185607e+03,4.279299966955e+01,1.820675263759e+03
4.000000000000e+00,4.128327064267e+00,1.797457337379e-01,4.518737677682e+02,4.216229814099e+03,4.536274782347e+01,4.127618822177e+03,4.324824409931e+01,1.820674671292e+03
4.000000000000e+00,4.148098928101e+00,1.797457337379e-01,4.518737677682e+02,4.252227945787e+03,4.558000436810e+01,4.162944452890e+03,4.370348852906e+01,1.820674671292e+03
4.000000000000e+00,4.167870791936e+00,1.797457635403e-01,4.518738426900e+02,4.288226083332e+03,4.579726091274e+01,4.198270089460e+03,4.415873295882e+01,1.820675263759e+03
4.000000000000e+00,4.187642655770e+00,1.797457337379e-01,4.518737677682e+02,4.324224220876e+03,4.601451745738e+01,4.233595726030e+03,4.461397738858e+01,1.820674671292e+03
4.000000000000e+00,4.207414519605e+00,1.797457635403e-01,4.518738426900e+02,4.360222358421e+03,4.623177400202e+01,4.268921362600e+03,4.506922181834e+01,1.820675263759e+03
4.000000000000e+00,4.227186383439e+00,1.797457486391e-01,4.518738052291e+02,4.396220498894e+03,4.644903054666e+01,4.304247002099e+03,4.552446624809e+01,1.820674967526e+03
4.000000000000e+00,4.246958247273e+00,1.797457486391e-01,4.518738052291e+02,4.432218636439e+03,4.666628709130e+01,4.339572638669e+03,4.597971067785e+01,1.820674967526e+03
4.000000000000e+00,4.266730111108e+00,1.797457337379e-01,4.518737677682e+02,4.468216771055e+03,4.688354363593e+01,4.374898272311e+03,4.643495510761e+01,1.820674671292e+03
4.000000000000e+00,4.286501974942e+00,1.797457486391e-01,4.518738052291e+02,4.504214905671e+03,4.710080018057e+01,4.410223905953e+03,4.689019953737e+01,1.820674967526e+03
4.000000000000e+00,4.306273838777e+00,1.797457635403e-01,4.518738426900e+02,4.540213046144e+03,4.731805672521e+01,4.445549545451e+03,4.734544396712e+01,1.820675263759e+03
4.000000000000e+00,4.326045702611e+00,1.797457188368e-01,4.518737303072e+02,4.576211180760e+03,4.753531326985e+01,4.480875179093e+03,4.780068839688e+01,1.820674375059e+03
4.000000000000e+00,4.345817566445e+00,1.797457635403e-01,4.518738426900e+02,4.612209315376e+03,4.775256981449e+01,4.516200812735e+03,4.825593282664e+01,1.820675263759e+03
4.000000000000e+00,4.365589430280e+00,1.797457337379e-01,4.518737677682e+02,4.648207452920e+03,4.796982635913e+01,4.551526449305e+03,4.871117725640e+01,1.820674671292e+03
4.000000000000e+00,4.385361294114e+00,1.797457188368e-01,4.518737303072e+02,4.684205581679e+03,4.818708290376e+01,4.586852077090e+03,4.916642168615e+01,1.820674375059e+03
4.000000000000e+00,4.405133157949e+00,1.797457486391e-01,4.518738052291e+02,4.720203713367e+03,4.840433944840e+01,4.622177707803e+03,4.962166611591e+01,1.820674967526e+03
4.000000000000e+00,4.424905021783e+00,1.797457337379e-01,4.518737677682e+02,4.756201847983e+03,4.862159599304e+01,4.657503341444e+03,5.007691054567e+01,1.820674671292e+03
4.000000000000e+00,4.444676885617e+00,1.797457486391e-01,4.518738052291e+02,4.792199982599e+03,4.883885253768e+01,4.692828975086e+03,5.053215497543e+01,1.820674967526e+03
4.000000000000e+00,4.464448749452e+00,1.797457337379e-01,4.518737677682e+02,4.828198117215e+03,4.905610908232e+01,4.728154608728e+03,5.098739940519e+01,1.820674671292e+03
4.000000000000e+00,4.484220613286e+00,1.797457486391e-01,4.518738052291e+02,4.864196251831e+03,4.927336562696e+01,4.763480242369e+03,5.144264383494e+01,1.820674967526e+03
4.000000000000e+00,4.503992477120e+00,1.797457486391e-01,4.518738052291e+02,4.900194389376e+03,4.949062217159e+01,4.798805878939e+03,5.189788826470e+01,1.820674967526e+03
4.000000000000e+00,4.523764340955e+00,1.797457486391e-01,4.518738052291e+02,4.936192526920e+03,4.970787871623e+01,4.834131515510e+03,5.235313269446e+01,1.820674967526e+03
4.000000000000e+00,4.543536204789e+00,1.797457486391e-01,4.518738052291e+02,4.972190664465e+03,4.992513526087e+01,4.869457152080e+03,5.280837712422e+01,1.820674967526e+03
4.000000000000e+00,4.563308068624e+00,1.797457486391e-01,4.518738052291e+02,5.008188802010e+03,5.014239180551e+01,4.904782788650e+03,5.326362155397e+01,1.820674967526e+03
4.000000000000e+00,4.583079932458e+00,1.797457337379e-01,4.518737677682e+02,5.044186936626e+03,5.035964835015e+01,4.940108422292e+03,5.371886598373e+01,1.820674671292e+03
4.000000000000e+00,4.602851796292e+00,1.797457337379e-01,4.518737677682e+02,5.080185068313e+03,5.057690489479e+01,4.975434053005e+03,5.417411041349e+01,1.820674671292e+03
4.000000000000e+00,4.622623660127e+00,1.797457337379e-01,4.518737677682e+02,5.116183200001e+03,5.079416143942e+01,5.010759683718e+03,5.462935484325e+01,1.820674671292e+03
4.000000000000e+00,4.642395523961e+00,1.797457486391e-01,4.518738052291e+02,5.152181334617e+03,5.101141798406e+01,5.046085317360e+03,5.508459927300e+01,1.820674967526e+03
4.000000000000e+00,4.662167387796e+00,1.797457486391e-01,4.518738052291e+02,5.188179472161e+03,5.122867452870e+01,5.081410953930e+03,5.553984370276e+01,1.820674967526e+03
4.000000000000e+00,4.681939251630e+00,1.797457188368e-01,4.518737303072e+02,5.224177603849e+03,5.144593107334e+01,5.116736584643e+03,5.599508813252e+01,1.820674375059e+03
4.000000000000e+00,4.701711115464e+00,1.797457337379e-01,4.518737677682e+02,5.260175732608e+03,5.166318761798e+01,5.152062212428e+03,5.645033256228e+01,1.820674671292e+03
4.000000000000e+00,4.721482979299e+00,1.797457486391e-01,4.518738052291e+02,5.296173867224e+03,5.188044416261e+01,5.187387846069e+03,5.690557699204e+01,1.820674967526e+03
4.000000000000e+00,4.741254843133e+00,1.797457188368e-01,4.518737303072e+02,5.332171998911e+03,5.209770070725e+01,5.222713476782e+03,5.736082142179e+01,1.820674375059e+03
4.000000000000e+00,4.761026706968e+00,1.797457486391e-01,4.518738052291e+02,5.368170130599e+03,5.231495725189e+01,5.258039107495e+03,5.781606585155e+01,1.820674967526e+03
4.000000000000e+00,4.780798570802e+00,1.797457188368e-01,4.518737303072e+02,5.404168262286e+03,5.253221379653e+01,5.293364738209e+03,5.827131028131e+01,1.820674375059e+03
4.000000000000e+00,4.800570434636e+00,1.797457337379e-01,4.518737677682e+02,5.440166391045e+03,5.274947034117e+01,5.328690365993e+03,5.872655471107e+01,1.820674671292e+03
4.000000000000e+00,4.820342298471e+00,1.797457337379e-01,4.518737677682e+02,5.476164522733e+03,5.296672688581e+01,5.364015996706e+03,5.918179914082e+01,1.820674671292e+03
4.000000000000e+00,4.840114162305e+00,1.797457635403e-01,4.518738426900e+02,5.512162660277e+03,5.318398343044e+01,5.399341633276e+03,5.963704357058e+01,1.820675263759e+03
4.000000000000e+00,4.859886026140e+00,1.797457188368e-01,4.518737303072e+02,5.548160794894e+03,5.340123997508e+01,5.434667266918e+03,6.009228800034e+01,1.820674375059e+03
4.000000000000e+00,4.879657889974e+00,1.797457486391e-01,4.518738052291e+02,5.584158926581e+03,5.361849651972e+01,5.469992897631e+03,6.054753243010e+01,1.820674967526e+03
4.000000000000e+00,4.899429753808e+00,1.797457486391e-01,4.518738052291e+02,5.620157064126e+03,5.383575306436e+01,5.505318534201e+03,6.100277685985e+01,1.820674967526e+03
4.000000000000e+00,4.919201617643e+00,1.797457337379e-01,4.518737677682e+02,5.656155198742e+03,5.405300960900e+01,5.540644167843e+03,6.145802128961e+01,1.820674671292e+03
4.000000000000e+00,4.938973481477e+00,1.797457188368e-01,4.518737303072e+02,5.692153327501e+03,5.427026615364e+01,5.575969795628e+03,6.191326571937e+01,1.820674375059e+03
4.000000000000e+00,4.958745345311e+00,1.797457337379e-01,4.518737677682e+02,5.728151456260e+03,5.448752269827e+01,5.611295423412e+03,6.236851014913e+01,1.820674671292e+03
4.000000000000e+00,4.978517209146e+00,1.797457337379e-01,4.518737677682e+02,5.764149587947e+03,5.470477924291e+01,5.646621054125e+03,6.282375457888e+01,1.820674671292e+03
4.000000000000e+00,4.998289072980e+00,1.797457635403e-01,4.518738426900e+02,5.800147725492e+03,5.492203578755e+01,5.681946690696e+03,6.327899900864e+01,1.820675263759e+03
4.000000000000e+00,5.018060936815e+00,1.797457337379e-01,4.518737677682e+02,5.836145863036e+03,5.513929233219e+01,5.717272327266e+03,6.373424343840e+01,1.820674671292e+03
4.000000000000e+00,5.037832800649e+00,1.797457635403e-01,4.518738426900e+02,5.872144000581e+03,5.535654887683e+01,5.752597963836e+03,6.418948786816e+01,1.820675263759e+03
4.000000000000e+00,5.057604664483e+00,1.797457337379e-01,4.518737677682e+02,5.908120277923e+03,5.557380542147e+01,5.787923600406e+03,6.462287209510e+01,1.818463427780e+03
4.000000000000e+00,5.077376528318e+00,1.797457635403e-01,4.518738426900e+02,5.943956391496e+03,5.579106196610e+01,5.823249236976e+03,6.491609255343e+01,1.806497159986e+03
4.000000000000e+00,5.109066669163e+00,1.793528199196e-01,4.508859977454e+02,6.000962587195e+03,5.613927853065e+01,5.879745173636e+03,6.507813502766e+01,1.791227190771e+03
4.000000000000e+00,5.140756810008e+00,1.781791299582e-01,4.479353869351e+02,6.057337269329e+03,5.648749509520e+01,5.935749774233e+03,6.510000000000e+01,1.766641637249e+03
4.000000000000e+00,5.172446950853e+00,1.762398779392e-01,4.430601829555e+02,6.112720150297e+03,5.683571165974e+01,5.990784438637e+03,6.510000000000e+01,1.728633517203e+03
4.000000000000e+00,5.204137091698e+00,1.735599786043e-01,4.363230204954e+02,6.166679384793e+03,5.718392822429e+01,6.044395456568e+03,6.510000000000e+01,1.676793726522e+03
4.000000000000e+00,5.235827232543e+00,1.701734662056e-01,4.278094603380e+02,6.218797229200e+03,5.753214478884e+01,6.096165084411e+03,6.510000000000e+01,1.612421342752e+03
4.000000000000e+00,5.267517373388e+00,1.661226004362e-01,4.176257417046e+02,6.268701405828e+03,5.788036135339e+01,6.145721044475e+03,6.510000000000e+01,1.537086693324e+03
4.000000000000e+00,5.299207514233e+00,1.614569425583e-01,4.058964596762e+02,6.316072688755e+03,5.822857791793e+01,6.192744110837e+03,6.510000000000e+01,1.452567606953e+03
4.000000000000e+00,5.330897655078e+00,1.562321335077e-01,3.927614933967e+02,6.360650333534e+03,5.857679448248e+01,6.236973539051e+03,6.510000000000e+01,1.360777085731e+03
4.000000000000e+00,5.362587795923e+00,1.505087018013e-01,3.783730091975e+02,6.402235228490e+03,5.892501104703e+01,6.278210217443e+03,6.510000000000e+01,1.263691840428e+03
4.000000000000e+00,5.394277936769e+00,1.443507224321e-01,3.628920891139e+02,6.440690792223e+03,5.927322761157e+01,6.316317564611e+03,6.510000000000e+01,1.163281515135e+03
4.000000000000e+00,5.425968077614e+00,1.378245055676e-01,3.464854343213e+02,6.475941733140e+03,5.962144417612e+01,6.351220288964e+03,6.510000000000e+01,1.061444533870e+03
4.000000000000e+00,5.457658218459e+00,1.309973299503e-01,3.293221809566e+02,6.507970915966e+03,5.996966074067e+01,6.382901255225e+03,6.510000000000e+01,9.599527822606e+02
4.000000000000e+00,5.489348359304e+00,1.239362061024e-01,3.115707908596e+02,6.536814633774e+03,6.031787730521e+01,6.411396756469e+03,6.510000000000e+01,8.604062971706e+02
4.000000000000e+00,5.521038500149e+00,1.167067661881e-01,2.933962607333e+02,6.562556636831e+03,6.066609386976e+01,6.436790542962e+03,6.510000000000e+01,7.642001180053e+02
4.000000000000e+00,5.552728640994e+00,1.093722209334e-01,2.749574998782e+02,6.585321289423e+03,6.101431043431e+01,6.459206978989e+03,6.510000000000e+01,6.725024011167e+02
4.000000000000e+00,5.584418781839e+00,1.019925773144e-01,2.564053634932e+02,6.605266240674e+03,6.136252699885e+01,6.478803713675e+03,6.510000000000e+01,5.862456333937e+02
4.000000000000e+00,5.616108922684e+00,9.462381899357e-02,2.378805923237e+02,6.622574945482e+03,6.171074356340e+01,6.495764201919e+03,6.510000000000e+01,5.061259589352e+02
4.000000000000e+00,5.647799063529e+00,8.731747418642e-02,2.195127262945e+02,6.637449350058e+03,6.205896012795e+01,6.510290389930e+03,6.510000000000e+01,4.326142409437e+02
4.000000000000e+00,5.679489204374e+00,8.012011647224e-02,2.014188495685e+02,6.650103001411e+03,6.240717669249e+01,6.522595824718e+03,6.510000000000e+01,3.659717555609e+02
4.000000000000e+00,5.711179345219e+00,7.307313382626e-02,1.837030099020e+02,6.660754761054e+03,6.275539325704e+01,6.532899367797e+03,6.510000000000e+01,3.062726308095e+02
4.000000000000e+00,5.742869486064e+00,6.621267646551e-02,1.664560875314e+02,6.669623287412e+03,6.310360982159e+01,6.541419677590e+03,6.510000000000e+01,2.534299215653e+02
4.000000000000e+00,5.774559626909e+00,5.956956371665e-02,1.497555610426e+02,6.676922350147e+03,6.345182638614e+01,6.548370523761e+03,6.510000000000e+01,2.072220377009e+02
4.000000000000e+00,5.806249767754e+00,5.316944047809e-02,1.336659007105e+02,6.682857005901e+03,6.380004295068e+01,6.553956962950e+03,6.510000000000e+01,1.673206810096e+02
4.000000000000e+00,5.837939908599e+00,4.703301936388e-02,1.182391772394e+02,6.687620640139e+03,6.414825951523e+01,6.558372380624e+03,6.510000000000e+01,1.333175686976e+02
4.000000000000e+00,5.869630049445e+00,4.117627814412e-02,1.035155581205e+02,6.691392814340e+03,6.449647607978e+01,6.561796338260e+03,6.510000000000e+01,1.047485364116e+02
4.000000000000e+00,5.901320190290e+00,3.561081737280e-02,8.952420669417e+01,6.694337847420e+03,6.484469264432e+01,6.564393154776e+03,6.510000000000e+01,8.111577350985e+01
4.000000000000e+00,5.933010331135e+00,3.034426458180e-02,7.628429827838e+01,6.696604053197e+03,6.519290920887e+01,6.566311143988e+03,6.510000000000e+01,6.190699108139e+01
4.000000000000e+00,5.964700471980e+00,2.538058906794e-02,6.380581153055e+01,6.698323528503e+03,6.554112577342e+01,6.567682402730e+03,6.510000000000e+01,4.661100601730e+01
4.000000000000e+00,5.996390612825e+00,2.072055265307e-02,5.209066164115e+01,6.699612394215e+03,6.588934233796e+01,6.568623051877e+03,6.510000000000e+01,3.473074116228e+01
4.000000000000e+00,6.028080753670e+00,1.636211574078e-02,4.113372114424e+01,6.700571397450e+03,6.623755890251e+01,6.569233838547e+03,6.510000000000e+01,2.579301853068e+01
4.000000000000e+00,6.059770894515e+00,1.230078469962e-02,3.092369322559e+01,6.701286780041e+03,6.658577546706e+01,6.569601004574e+03,6.510000000000e+01,1.935557167164e+01
4.000000000000e+00,6.091461035360e+00,8.530022576451e-03,2.144414423982e+01,6.701831334515e+03,6.693399203160e+01,6.569797342483e+03,6.510000000000e+01,1.501186621698e+01
4.000000000000e+00,6.123151176205e+00,5.041578784585e-03,1.267433253360e+01,6.702265578526e+03,6.728220859615e+01,6.569883369930e+03,6.510000000000e+01,1.239375581818e+01
4.000000000000e+00,6.154841317050e+00,1.825865707360e-03,4.590155212398e+00,6.702638987913e+03,6.763042516070e+01,6.569908562752e+03,6.510000000000e+01,1.117252549057e+01
4.000000000000e+00,6.186531457895e+00,1.127817435190e-03,2.835289067483e+00,6.702991240191e+03,6.797864172525e+01,6.569912598466e+03,6.510000000000e+01,1.105850720877e+01
4.000000000000e+00,6.218221598740e+00,3.830963047221e-03,9.630891762095e+00,6.703353431129e+03,6.832685828979e+01,6.569926572840e+03,6.510000000000e+01,1.179976531409e+01
4.000000000000e+00,6.249911739585e+00,6.295627914369e-03,1.582696316053e+01,6.703749236934e+03,6.867507485434e+01,6.569974162080e+03,6.510000000000e+01,1.317997882317e+01
4.000000000000e+00,6.281601880430e+00,8.534224703908e-03,2.145470822444e+01,6.704196001536e+03,6.902329141889e+01,6.570072710117e+03,6.510000000000e+01,1.501583156664e+01
4.000000000000e+00,6.313292021276e+00,1.055934187025e-02,2.654577383749e+01,6.704705736376e+03,6.937150798343e+01,6.570234228393e+03,6.510000000000e+01,1.715410059845e+01
4.000000000000e+00,6.344982162121e+00,1.238356344402e-02,3.113179576213e+01,6.705286025145e+03,6.971972454798e+01,6.570466300597e+03,6.510000000000e+01,1.946856833746e+01
4.000000000000e+00,6.376672302966e+00,1.401937939227e-02,3.524417328864e+01,6.705940831605e+03,7.006794111253e+01,6.570772890493e+03,6.510000000000e+01,2.185699496742e+01
4.000000000000e+00,6.408362443811e+00,1.547904871404e-02,3.891372506275e+01,6.706671211625e+03,7.041615767707e+01,6.571155053948e+03,6.510000000000e+01,2.423809963269e+01
4.000000000000e+00,6.440052584656e+00,1.677451655269e-02,4.217048070917e+01,6.707475932435e+03,7.076437424162e+01,6.571611558193e+03,6.510000000000e+01,2.654872477630e+01
4.000000000000e+00,6.471742725501e+00,1.791734434664e-02,4.504350523346e+01,6.708352005093e+03,7.111259080617e+01,6.572139414287e+03,6.510000000000e+01,2.874119408044e+01
4.000000000000e+00,6.503432866346e+00,1.891866326332e-02,4.756078195657e+01,6.709295137055e+03,7.146080737071e+01,6.572734329684e+03,6.510000000000e+01,3.078091197573e+01
4.000000000000e+00,6.535123007191e+00,1.978911831975e-02,4.974907203635e+01,6.710300111725e+03,7.180902393526e+01,6.573391087790e+03,6.510000000000e+01,3.264415612210e+01
4.000000000000e+00,6.566813148036e+00,2.053886093199e-02,5.163389573706e+01,6.711361103047e+03,7.215724049981e+01,6.574103862547e+03,6.510000000000e+01,3.431618505154e+01
4.000000000000e+00,6.598503288881e+00,2.117751725018e-02,5.323945282488e+01,6.712471932743e+03,7.250545706435e+01,6.574866475679e+03,6.510000000000e+01,3.578951134748e+01
4.000000000000e+00,6.630193429726e+00,2.171419002116e-02,5.458862725053e+01,6.713626277227e+03,7.285367362890e+01,6.575672603598e+03,6.510000000000e+01,3.706245161753e+01
4.000000000000e+00,6.661883570571e+00,2.215744927526e-02,5.570296373620e+01,6.714817831201e+03,7.320189019345e+01,6.576515941007e+03,6.510000000000e+01,3.813784362664e+01
4.000000000000e+00,6.693573711416e+00,2.251534722745e-02,5.660270523645e+01,6.716040434305e+03,7.355010675800e+01,6.577390327547e+03,6.510000000000e+01,3.902199674866e+01
4.000000000000e+00,6.725263852261e+00,2.279541268945e-02,5.730677889039e+01,6.717288166249e+03,7.389832332254e+01,6.578289842926e+03,6.510000000000e+01,3.972375258235e+01
4.000000000000e+00,6.756953993107e+00,2.300468459725e-02,5.783288030877e+01,6.718555415965e+03,7.424653988709e+01,6.579208876078e+03,6.510000000000e+01,4.025378504000e+01
4.000000000000e+00,6.788644133952e+00,2.314971573651e-02,5.819748293925e+01,6.719836929429e+03,7.459475645164e+01,6.580142172977e+03,6.510000000000e+01,4.062395357699e+01
4.000000000000e+00,6.820334274797e+00,2.323659695685e-02,5.841589894039e+01,6.721127839543e+03,7.494297301618e+01,6.581084866527e+03,6.510000000000e+01,4.084681807679e+01
4.000000000000e+00,6.852024415642e+00,2.327097579837e-02,5.850232600781e+01,6.722423681948e+03,7.529118958073e+01,6.582032492368e+03,6.510000000000e+01,4.093523594576e+01
4.000000000000e+00,6.883714556487e+00,2.325807511806e-02,5.846989420042e+01,6.723720399377e+03,7.563940614528e+01,6.582980993232e+03,6.510000000000e+01,4.090204176625e+01
4.000000000000e+00,6.915404697332e+00,2.320272661746e-02,5.833075022749e+01,6.725014337578e+03,7.598762270982e+01,6.583926714869e+03,6.510000000000e+01,4.075983584131e+01
4.000000000000e+00,6.947094838177e+00,2.310937829316e-02,5.809607617910e+01,6.726302234426e+03,7.633583927437e+01,6.584866395152e+03,6.510000000000e+01,4.052076523775e+01
4.000000000000e+00,6.978784979022e+00,2.298212982714e-02,5.777617849594e+01,6.727581204016e+03,7.668405583892e+01,6.585797148178e+03,6.510000000000e+01,4.019642666188e+01
4.000000000000e+00,7.010475119867e+00,2.282474562526e-02,5.738052074756e+01,6.728848717435e+03,7.703227240346e+01,6.586716445032e+03,6.510000000000e+01,3.979775355896e+01
4.000000000000e+00,7.042165260712e+00,2.264068089426e-02,5.691778918903e+01,6.730102581029e+03,7.738048896801e+01,6.587622092061e+03,6.510000000000e+01,3.933497100188e+01
4.000000000000e+00,7.073855401557e+00,2.243310026824e-02,5.639593958715e+01,6.731340913381e+03,7.772870553256e+01,6.588512207848e+03,6.510000000000e+01,3.881755966470e+01
4.000000000000e+00,7.105545542402e+00,2.220490202308e-02,5.582225809442e+01,6.732562121736e+03,7.807692209710e+01,6.589385199639e+03,6.510000000000e+01,3.825425651208e+01
4.000000000000e+00,7.137235683247e+00,2.195872552693e-02,5.520337997956e+01,6.733764878073e+03,7.842513866165e+01,6.590239739411e+03,6.510000000000e+01,3.765303230814e+01
4.000000000000e+00,7.168925824092e+00,2.169698476791e-02,5.454537391457e+01,6.734948095719e+03,7.877335522620e+01,6.591074740493e+03,6.510000000000e+01,3.702114803338e+01
4.000000000000e+00,7.200615964937e+00,2.142187952995e-02,5.385377007049e+01,6.736110907048e+03,7.912157179075e+01,6.591889335258e+03,6.510000000000e+01,3.636516696747e+01
4.000000000000e+00,7.232306105783e+00,2.113540470600e-02,5.313358353044e+01,6.737252641645e+03,7.946978835529e+01,6.592682853290e+03,6.510000000000e+01,3.569097201231e+01
4.000000000000e+00,7.263996246628e+00,2.083937451243e-02,5.238937516366e+01,6.738372805685e+03,7.981800491984e+01,6.593454800765e+03,6.510000000000e+01,3.500382516077e+01
4.000000000000e+00,7.295686387473e+00,2.053543552756e-02,5.162528440385e+01,6.739471062846e+03,8.016622148439e+01,6.594204841361e+03,6.510000000000e+01,3.430840455848e+01
4.000000000000e+00,7.327376528318e+00,2.022507600486e-02,5.084505266222e+01,6.740547216317e+03,8.051443804893e+01,6.594932778268e+03,6.510000000000e+01,3.360883672488e+01
6.000000000000e+00,0.000000000000e+00,3.033761400729e-02,7.626757899333e+01,0.000000000000e+00,0.000000000000e+00,0.000000000000e+00,0.000000000000e+00,6.188467369608e+01
6.000000000000e+00,3.169014084507e-02,3.080315329134e-02,7.743792660577e+01,1.986074604155e+00,3.482165645469e-01,1.637858039608e+00,0.000000000000e+00,6.345870132169e+01
6.000000000000e+00,6.338028169014e-02,3.125906176865e-02,7.858406274550e+01,4.021882510821e+00,6.964331290938e-01,3.325449381727e+00,0.000000000000e+00,6.502339767682e+01
6.000000000000e+00,9.507042253521e-02,3.170310705900e-02,7.970037529566e+01,6.106980894494e+00,1.044649693641e+00,5.062331200854e+00,0.000000000000e+00,6.656947809278e+01
6.000000000000e+00,1.267605633803e-01,3.213281929493e-02,8.078065510574e+01,8.240613030960e+00,1.392866258188e+00,6.847746772772e+00,0.000000000000e+00,6.808641674191e+01
6.000000000000e+00,1.584507042254e-01,3.254547715187e-02,8.181806087186e+01,1.042166781606e+01,1.741082822734e+00,8.680584993329e+00,0.000000000000e+00,6.956237414020e+01
6.000000000000e+00,1.901408450704e-01,3.293808829039e-02,8.280506996934e+01,1.264863681446e+01,2.089299387281e+00,1.055933742718e+01,0.000000000000e+00,7.098411375841e+01
6.000000000000e+00,2.218309859155e-01,3.330735303462e-02,8.373338714163e+01,1.491956786689e+01,2.437515951828e+00,1.248205191506e+01,0.000000000000e+00,7.233686821726e+01
6.000000000000e+00,2.535211267606e-01,3.364965040237e-02,8.459390938072e+01,1.723201595976e+01,2.785732516375e+00,1.444628344339e+01,0.000000000000e+00,7.360430031067e+01
6.000000000000e+00,2.852112676056e-01,3.396102134138e-02,8.537668378354e+01,1.958299304633e+01,3.133949080922e+00,1.644904396541e+01,0.000000000000e+00,7.476847581933e+01
6.000000000000e+00,3.169014084507e-01,3.423711843789e-02,8.607078112133e+01,2.196891542578e+01,3.482165645469e+00,1.848674978031e+01,0.000000000000e+00,7.580973657274e+01
6.000000000000e+00,3.485915492958e-01,3.447319474071e-02,8.666426774391e+01,2.438554991283e+01,3.830382210016e+00,2.055516770281e+01,0.000000000000e+00,7.670675105432e+01
6.000000000000e+00,3.802816901408e-01,3.466406743973e-02,8.714411426865e+01,2.682796078455e+01,4.178598774563e+00,2.264936200999e+01,0.000000000000e+00,7.743651285002e+01
6.000000000000e+00,4.119718309859e-01,3.480408992618e-02,8.749612534123e+01,2.929045798706e+01,4.526815339110e+00,2.476364264795e+01,0.000000000000e+00,7.797442170804e+01
6.000000000000e+00,4.436619718310e-01,3.488711267710e-02,8.770484130063e+01,3.176654823481e+01,4.875031903657e+00,2.689151633115e+01,0.000000000000e+00,7.829438503915e+01
6.000000000000e+00,4.753521126761e-01,3.490646369755e-02,8.775348901172e+01,3.424889174333e+01,5.223248468203e+00,2.902564327513e+01,0.000000000000e+00,7.836907194306e+01
6.000000000000e+00,5.070422535211e-01,3.485489543527e-02,8.762384841058e+01,3.672926644954e+01,5.571465032750e+00,3.115780141679e+01,0.000000000000e+00,7.817013173788e+01
6.000000000000e+00,5.387323943662e-01,3.472457360476e-02,8.729622440888e+01,3.919854350088e+01,5.919681597297e+00,3.327886190359e+01,0.000000000000e+00,7.766868661333e+01
6.000000000000e+00,5.704225352113e-01,3.450702689588e-02,8.674932046316e+01,4.164667808920e+01,6.267898161844e+00,3.537877992736e+01,0.000000000000e+00,7.683580740510e+01
6.000000000000e+00,6.021126760563e-01,3.419311903417e-02,8.596016833558e+01,4.406271924418e+01,6.616114726391e+00,3.744660451779e+01,0.000000000000e+00,7.564323437538e+01
6.000000000000e+00,6.338028169014e-01,3.377302084118e-02,8.490405785467e+01,4.643484541165e+01,6.964331290938e+00,3.947051412071e+01,0.000000000000e+00,7.406428374958e+01
6.000000000000e+00,6.654929577465e-01,3.323617391288e-02,8.355444560430e+01,4.875043169118e+01,7.312547855485e+00,4.143788383569e+01,0.000000000000e+00,7.207493922504e+01
6.000000000000e+00,6.971830985915e-01,3.257128503174e-02,8.188294087580e+01,5.099615742686e+01,7.660764420032e+00,4.333539300682e+01,0.000000000000e+00,6.965530720453e+01
6.000000000000e+00,7.288732394366e-01,3.176627587527e-02,7.985917923731e+01,5.315816180927e+01,8.008980984579e+00,4.514918082470e+01,0.000000000000e+00,6.679119159693e+01
6.000000000000e+00,7.605633802817e-01,3.080829139799e-02,7.745084360558e+01,5.522225792063e+01,8.357197549126e+00,4.686506037151e+01,0.000000000000e+00,6.347620743107e+01
6.000000000000e+00,7.922535211268e-01,2.968367747962e-02,7.462360805452e+01,5.717421768813e+01,8.705414113672e+00,4.846880357446e+01,0.000000000000e+00,5.971414233983e+01
6.000000000000e+00,8.239436619718e-01,2.837799489498e-02,7.134117293485e+01,5.900013999122e+01,9.053630678219e+00,4.994650931300e+01,0.000000000000e+00,5.552184301048e+01
6.000000000000e+00,8.556338028169e-01,2.687601651996e-02,6.756525785019e+01,6.068691620039e+01,9.401847242766e+00,5.128506895762e+01,0.000000000000e+00,5.093247774609e+01
6.000000000000e+00,8.873239436620e-01,2.516177482903e-02,6.325572106376e+01,6.222280897507e+01,9.750063807313e+00,5.247274516776e+01,0.000000000000e+00,4.599942181176e+01
6.000000000000e+00,9.190140845070e-01,2.321857307106e-02,5.837058759413e+01,6.359816009031e+01,1.009828037186e+01,5.349987971845e+01,0.000000000000e+00,4.080051523866e+01
6.000000000000e+00,9.507042253521e-01,2.102906908840e-02,5.286625993297e+01,6.480624442979e+01,1.044649693641e+01,5.435974749338e+01,0.000000000000e+00,3.544302974180e+01
6.000000000000e+00,9.823943661972e-01,1.857534516603e-02,4.669769364320e+01,6.584428826094e+01,1.079471350095e+01,5.504957475999e+01,0.000000000000e+00,3.006906982437e+01
6.000000000000e+00,1.014084507042e+00,1.583901280537e-02,3.981866075623e+01,6.671466728405e+01,1.114293006550e+01,5.557173721854e+01,0.000000000000e+00,2.486151741160e+01
6.000000000000e+00,1.045774647887e+00,1.280133705586e-02,3.218206233666e+01,6.742629996981e+01,1.149114663005e+01,5.593515333976e+01,0.000000000000e+00,2.005041209003e+01
6.000000000000e+00,1.077464788732e+00,9.443441871554e-03,2.374044474079e+01,6.799624961693e+01,1.183936319459e+01,5.615688642234e+01,0.000000000000e+00,1.591974341722e+01
6.000000000000e+00,1.109154929577e+00,5.746444570832e-03,1.444633764314e+01,6.845154197248e+01,1.218757975914e+01,5.626396221334e+01,0.000000000000e+00,1.281426302180e+01
6.000000000000e+00,1.140845070423e+00,1.691726152785e-03,4.252933601225e+00,6.883120087699e+01,1.253579632369e+01,5.629540455330e+01,0.000000000000e+00,1.114643228482e+01
6.000000000000e+00,1.172535211268e+00,2.738798561040e-03,6.885232818597e+00,6.918849779835e+01,1.288401288824e+01,5.630448491011e+01,0.000000000000e+00,1.140297341888e+01
6.000000000000e+00,1.204225352113e+00,7.562368176877e-03,1.901149880040e+01,6.959339821327e+01,1.323222945278e+01,5.636116876048e+01,0.000000000000e+00,1.415074165600e+01
6.000000000000e+00,1.235915492958e+00,1.279503386468e-02,3.216621635973e+01,7.013517653260e+01,1.358044601733e+01,5.655473051528e+01,0.000000000000e+00,2.004149005331e+01
6.000000000000e+00,1.267605633803e+00,1.845117704943e-02,4.638553983839e+01,7.092515339249e+01,1.392866258188e+01,5.699649081062e+01,0.000000000000e+00,2.981482732629e+01
6.000000000000e+00,1.299295774648e+00,2.454317361116e-02,6.170058171636e+01,7.209949351708e+01,1.427687914642e+01,5.782261437066e+01,0.000000000000e+00,4.429908275912e+01
6.000000000000e+00,1.330985915493e+00,3.108082897961e-02,7.813599246172e+01,7.382198008919e+01,1.462509571097e+01,5.919688437822e+01,0.000000000000e+00,6.440895868023e+01
6.000000000000e+00,1.362676056338e+00,3.807088360190e-02,9.570871729582e+01,7.628665723630e+01,1.497331227552e+01,6.131334496078e+01,0.000000000000e+00,9.113955460403e+01
6.000000000000e+00,1.394366197183e+00,4.551639687270e-02,1.144264474176e+02,7.972020596943e+01,1.532152884006e+01,6.439867712937e+01,0.000000000000e+00,1.255555209982e+02
6.000000000000e+00,1.426056338028e+00,5.341622605920e-02,1.342863100412e+02,8.438389826194e+01,1.566974540461e+01,6.871415285733e+01,0.000000000000e+00,1.687752814623e+02
6.000000000000e+00,1.457746478873e+00,6.176441721618e-02,1.552733371807e+02,9.057495198567e+01,1.601796196916e+01,7.455699001652e+01,0.000000000000e+00,2.219489979911e+02
6.000000000000e+00,1.489436619718e+00,7.054952904582e-02,1.773587658591e+02,9.862707323151e+01,1.636617853370e+01,8.226089469780e+01,0.000000000000e+00,2.862293206348e+02
6.000000000000e+00,1.521126760563e+00,7.975416071713e-02,2.004988510658e+02,1.089099795620e+02,1.671439509825e+01,9.219558446379e+01,0.000000000000e+00,3.627363233366e+02
6.000000000000e+00,1.552816901408e+00,8.935434557498e-02,2.246333415640e+02,1.218276843033e+02,1.706261166280e+01,1.047650726405e+02,0.000000000000e+00,4.525143758921e+02
6.000000000000e+00,1.584507042254e+00,9.931901469827e-02,2.496841312971e+02,1.378153047511e+02,1.741082822734e+01,1.204044765237e+02,0.000000000000e+00,5.564821145870e+02
6.000000000000e+00,1.616197183099e+00,1.096097007394e-01,2.755545148529e+02,1.573342183510e+02,1.775904479189e+01,1.395751735591e+02,0.000000000000e+00,6.753782103865e+02
6.000000000000e+00,1.647887323944e+00,1.201801747084e-01,3.021282743527e+02,1.808654068425e+02,1.810726135644e+01,1.627581454861e+02,0.000000000000e+00,8.097012410771e+02
6.000000000000e+00,1.679577464789e+00,1.309762112796e-01,3.292690894417e+02,2.089008516812e+02,1.845547792099e+01,1.904453737602e+02,0.000000000000e+00,9.596468331884e+02
6.000000000000e+00,1.711267605634e+00,1.419357284904e-01,3.568208884855e+02,2.419329912705e+02,1.880369448553e+01,2.231292967850e+02,0.000000000000e+00,1.125048198669e+03
6.000000000000e+00,1.742957746479e+00,1.529888659716e-01,3.846080452398e+02,2.804423063829e+02,1.915191105008e+01,2.612903953328e+02,0.000000000000e+00,1.305317466201e+03
6.000000000000e+00,1.774647887324e+00,1.640583314002e-01,4.124362498173e+02,3.248831759921e+02,1.950012761463e+01,3.053830483774e+02,0.000000000000e+00,1.499395193578e+03
6.000000000000e+00,1.806338028169e+00,1.750601492822e-01,4.400943910999e+02,3.756683736178e+02,1.984834417917e+01,3.558200294386e+02,0.000000000000e+00,1.705715056577e+03
6.000000000000e+00,1.838028169014e+00,1.859043091536e-01,4.673561862894e+02,4.331526097911e+02,2.019656074372e+01,4.129560490474e+02,0.000000000000e+00,1.922178959699e+03
6.000000000000e+00,1.869718309859e+00,1.964959949255e-01,4.939832714349e+02,4.976157041532e+02,2.054477730827e+01,4.770709268449e+02,0.000000000000e+00,2.146158551151e+03
6.000000000000e+00,1.901408450704e+00,2.067367583513e-01,5.197281514819e+02,5.692460948061e+02,2.089299387281e+01,5.483531009332e+02,0.000000000000e+00,2.374514992273e+03
6.000000000000e+00,1.933098591549e+00,2.165260836482e-01,5.443381336708e+02,6.481254411644e+02,2.124121043736e+01,6.268842307270e+02,0.000000000000e+00,2.603648200120e+03
6.000000000000e+00,1.964788732394e+00,2.257630527020e-01,5.675595137963e+02,7.342151888569e+02,2.158942700191e+01,7.126257618550e+02,0.000000000000e+00,2.829571432029e+03
6.000000000000e+00,1.996478873239e+00,2.343482002616e-01,5.891422400950e+02,8.273459318039e+02,2.193764356645e+01,8.054082882374e+02,0.000000000000e+00,3.048013233959e+03
6.000000000000e+00,2.028169014085e+00,2.421854138374e-01,6.088446895144e+02,9.272103618497e+02,2.228586013100e+01,9.049245017187e+02,0.000000000000e+00,3.254541906709e+03
6.000000000000e+00,2.059859154930e+00,2.491839006543e-01,6.264386125570e+02,1.033360477730e+03,2.263407669555e+01,1.010726401034e+03,0.000000000000e+00,3.444709851043e+03
6.000000000000e+00,2.091549295775e+00,2.552601993084e-01,6.417141905070e+02,1.145209604437e+03,2.298229326010e+01,1.122227311177e+03,0.000000000000e+00,3.614212812256e+03
6.000000000000e+00,2.123239436620e+00,2.603399679065e-01,6.544845307430e+02,1.262039483648e+03,2.333050982464e+01,1.238708973823e+03,0.000000000000e+00,3.759050675740e+03
6.000000000000e+00,2.154929577465e+00,2.643598169088e-01,6.645902744332e+02,1.383012490557e+03,2.367872638919e+01,1.359333764168e+03,0.000000000000e+00,3.875690204771e+03
6.000000000000e+00,2.186619718310e+00,2.672686949372e-01,6.719030804027e+02,1.507188702031e+03,2.402694295374e+01,1.483161759077e+03,0.000000000000e+00,3.961208474876e+03
6.000000000000e+00,2.218309859155e+00,2.690292298794e-01,6.763289966181e+02,1.633569134911e+03,2.437515951828e+01,1.609172110421e+03,2.186497233679e-02,4.014801066927e+03
6.000000000000e+00,2.250000000000e+00,2.696186453104e-01,6.778107640351e+02,1.761195251435e+03,2.472337608283e+01,1.736287967905e+03,1.839074465679e-01,4.039824953661e+03
6.000000000000e+00,2.269771863834e+00,2.696186006069e-01,6.778106516522e+02,1.841188410721e+03,2.494063262747e+01,1.815770650188e+03,4.771279048961e-01,4.051790480872e+03
6.000000000000e+00,2.289543727669e+00,2.696186453104e-01,6.778107640351e+02,1.921321733775e+03,2.515788917211e+01,1.895253332471e+03,9.105121318421e-01,4.054003057434e+03
6.000000000000e+00,2.309315591503e+00,2.696186006069e-01,6.778106516522e+02,2.001476917033e+03,2.537514571674e+01,1.974736014754e+03,1.365756561600e+00,4.054001724384e+03
6.000000000000e+00,2.329087455338e+00,2.696186453104e-01,6.778107640351e+02,2.081632100290e+03,2.559240226138e+01,2.054218697037e+03,1.821000991357e+00,4.054003057434e+03
6.000000000000e+00,2.348859319172e+00,2.696186006069e-01,6.778106516522e+02,2.161787283547e+03,2.580965880602e+01,2.133701379320e+03,2.276245421115e+00,4.054001724384e+03
6.000000000000e+00,2.368631183006e+00,2.696186006069e-01,6.778106516522e+02,2.241942453626e+03,2.602691535066e+01,2.213184048425e+03,2.731489850873e+00,4.054001724384e+03
6.000000000000e+00,2.388403046841e+00,2.696185782552e-01,6.778105954608e+02,2.322097617116e+03,2.624417189530e+01,2.292666710940e+03,3.186734280630e+00,4.054001057860e+03
6.000000000000e+00,2.408174910675e+00,2.696186006069e-01,6.778106516522e+02,2.402252780606e+03,2.646142843994e+01,2.372149373455e+03,3.641978710388e+00,4.054001724384e+03
6.000000000000e+00,2.427946774510e+00,2.696186229587e-01,6.778107078436e+02,2.482407957274e+03,2.667868498457e+01,2.451632049149e+03,4.097223140146e+00,4.054002390909e+03
6.000000000000e+00,2.447718638344e+00,2.696186229587e-01,6.778107078436e+02,2.562563140531e+03,2.689594152921e+01,2.531114731432e+03,4.552467569903e+00,4.054002390909e+03
6.000000000000e+00,2.467490502178e+00,2.696185782552e-01,6.778105954608e+02,2.642718310610e+03,2.711319807385e+01,2.610597400537e+03,5.007711999661e+00,4.054001057860e+03
6.000000000000e+00,2.487262366013e+00,2.696186453104e-01,6.778107640351e+02,2.722873487278e+03,2.733045461849e+01,2.690080076230e+03,5.462956429419e+00,4.054003057434e+03
6.000000000000e+00,2.507034229847e+00,2.696186006069e-01,6.778106516522e+02,2.803028670536e+03,2.754771116313e+01,2.769562758513e+03,5.918200859176e+00,4.054001724384e+03
6.000000000000e+00,2.526806093681e+00,2.696186006069e-01,6.778106516522e+02,2.883183840614e+03,2.776496770777e+01,2.849045427618e+03,6.373445288934e+00,4.054001724384e+03
6.000000000000e+00,2.546577957516e+00,2.696185782552e-01,6.778105954608e+02,2.963339004104e+03,2.798222425240e+01,2.928528090133e+03,6.828689718692e+00,4.054001057860e+03
6.000000000000e+00,2.566349821350e+00,2.696186229587e-01,6.778107078436e+02,3.043494174183e+03,2.819948079704e+01,3.008010759238e+03,7.283934148449e+00,4.054002390909e+03
6.000000000000e+00,2.586121685185e+00,2.696185782552e-01,6.778105954608e+02,3.123649344262e+03,2.841673734168e+01,3.087493428342e+03,7.739178578207e+00,4.054001057860e+03
6.000000000000e+00,2.605893549019e+00,2.696186229587e-01,6.778107078436e+02,3.203804514341e+03,2.863399388632e+01,3.166976097447e+03,8.194423007965e+00,4.054002390909e+03
6.000000000000e+00,2.625665412853e+00,2.696186006069e-01,6.778106516522e+02,3.283959691009e+03,2.885125043096e+01,3.246458773140e+03,8.649667437722e+00,4.054001724384e+03
6.000000000000e+00,2.645437276688e+00,2.696185782552e-01,6.778105954608e+02,3.364114854499e+03,2.906850697560e+01,3.325941435656e+03,9.104911867480e+00,4.054001057860e+03
6.000000000000e+00,2.665209140522e+00,2.696186229587e-01,6.778107078436e+02,3.444270024578e+03,2.928576352023e+01,3.405424104760e+03,9.560156297238e+00,4.054002390909e+03
6.000000000000e+00,2.684981004357e+00,2.696186229587e-01,6.778107078436e+02,3.524425207835e+03,2.950302006487e+01,3.484906787043e+03,1.001540072700e+01,4.054002390909e+03
6.000000000000e+00,2.704752868191e+00,2.696186006069e-01,6.778106516522e+02,3.604580384503e+03,2.972027660951e+01,3.564389462737e+03,1.047064515675e+01,4.054001724384e+03
6.000000000000e+00,2.724524732025e+00,2.696186006069e-01,6.778106516522e+02,3.684735554582e+03,2.993753315415e+01,3.643872131841e+03,1.092588958651e+01,4.054001724384e+03
6.000000000000e+00,2.744296595860e+00,2.696186006069e-01,6.778106516522e+02,3.764890724661e+03,3.015478969879e+01,3.723354800946e+03,1.138113401627e+01,4.054001724384e+03
6.000000000000e+00,2.764068459694e+00,2.696186229587e-01,6.778107078436e+02,3.845045901329e+03,3.037204624342e+01,3.802837476640e+03,1.183637844603e+01,4.054002390909e+03
6.000000000000e+00,2.783840323529e+00,2.696186229587e-01,6.778107078436e+02,3.925201084586e+03,3.058930278806e+01,3.882320158923e+03,1.229162287578e+01,4.054002390909e+03
6.000000000000e+00,2.803612187363e+00,2.696186229587e-01,6.778107078436e+02,4.005356267844e+03,3.080655933270e+01,3.961802841205e+03,1.274686730554e+01,4.054002390909e+03
6.000000000000e+00,2.823384051197e+00,2.696186229587e-01,6.778107078436e+02,4.085511451101e+03,3.102381587734e+01,4.041285523488e+03,1.320211173530e+01,4.054002390909e+03
6.000000000000e+00,2.843155915032e+00,2.696186229587e-01,6.778107078436e+02,4.165666634358e+03,3.124107242198e+01,4.120768205771e+03,1.365735616506e+01,4.054002390909e+03
6.000000000000e+00,2.862927778866e+00,2.696186006069e-01,6.778106516522e+02,4.245821811027e+03,3.145832896662e+01,4.200250881465e+03,1.411260059481e+01,4.054001724384e+03
6.000000000000e+00,2.882699642700e+00,2.696186229587e-01,6.778107078436e+02,4.325976987695e+03,3.167558551125e+01,4.279733557159e+03,1.456784502457e+01,4.054002390909e+03
6.000000000000e+00,2.902471506535e+00,2.696186006069e-01,6.778106516522e+02,4.406132164363e+03,3.189284205589e+01,4.359216232853e+03,1.502308945433e+01,4.054001724384e+03
6.000000000000e+00,2.922243370369e+00,2.696186229587e-01,6.778107078436e+02,4.486287341031e+03,3.211009860053e+01,4.438698908546e+03,1.547833388409e+01,4.054002390909e+03
6.000000000000e+00,2.942015234204e+00,2.696185782552e-01,6.778105954608e+02,4.566442511110e+03,3.232735514517e+01,4.518181577651e+03,1.593357831385e+01,4.054001057860e+03
6.000000000000e+00,2.961787098038e+00,2.696186006069e-01,6.778106516522e+02,4.646597674600e+03,3.254461168981e+01,4.597664240166e+03,1.638882274360e+01,4.054001724384e+03
6.000000000000e+00,2.981558961872e+00,2.696186453104e-01,6.778107640351e+02,4.726752857857e+03,3.276186823445e+01,4.677146922449e+03,1.684406717336e+01,4.054003057434e+03
6.000000000000e+00,3.001330825707e+00,2.696185782552e-01,6.778105954608e+02,4.806908034525e+03,3.297912477908e+01,4.756629598143e+03,1.729931160312e+01,4.054001057860e+03
6.000000000000e+00,3.021102689541e+00,2.696186453104e-01,6.778107640351e+02,4.887063211193e+03,3.319638132372e+01,4.836112273837e+03,1.775455603288e+01,4.054003057434e+03
6.000000000000e+00,3.040874553376e+00,2.696186229587e-01,6.778107078436e+02,4.967218401040e+03,3.341363786836e+01,4.915594962709e+03,1.820980046263e+01,4.054002390909e+03
6.000000000000e+00,3.060646417210e+00,2.696186006069e-01,6.778106516522e+02,5.047373577708e+03,3.363089441300e+01,4.995077638402e+03,1.866504489239e+01,4.054001724384e+03
6.000000000000e+00,3.080418281044e+00,2.696186229587e-01,6.778107078436e+02,5.127528754376e+03,3.384815095764e+01,5.074560314096e+03,1.912028932215e+01,4.054002390909e+03
6.000000000000e+00,3.100190144879e+00,2.696186229587e-01,6.778107078436e+02,5.207683937633e+03,3.406540750228e+01,5.154042996379e+03,1.957553375191e+01,4.054002390909e+03
6.000000000000e+00,3.119962008713e+00,2.696186453104e-01,6.778107640351e+02,5.287839127480e+03,3.428266404691e+01,5.233525685251e+03,2.003077818166e+01,4.054003057434e+03
6.000000000000e+00,3.139733872548e+00,2.696186006069e-01,6.778106516522e+02,5.367994310737e+03,3.449992059155e+01,5.313008367534e+03,2.048602261142e+01,4.054001724384e+03
6.000000000000e+00,3.159505736382e+00,2.696186453104e-01,6.778107640351e+02,5.448149493995e+03,3.471717713619e+01,5.392491049817e+03,2.094126704118e+01,4.054003057434e+03
6.000000000000e+00,3.179277600216e+00,2.696186006069e-01,6.778106516522e+02,5.528304677252e+03,3.493443368083e+01,5.471973732100e+03,2.139651147094e+01,4.054001724384e+03
6.000000000000e+00,3.199049464051e+00,2.696186006069e-01,6.778106516522e+02,5.608459847331e+03,3.515169022547e+01,5.551456401205e+03,2.185175590069e+01,4.054001724384e+03
6.000000000000e+00,3.218821327885e+00,2.696186453104e-01,6.778107640351e+02,5.688615030588e+03,3.536894677011e+01,5.630939083488e+03,2.230700033045e+01,4.054003057434e+03
6.000000000000e+00,3.238593191720e+00,2.696186006069e-01,6.778106516522e+02,5.768770213846e+03,3.558620331474e+01,5.710421765771e+03,2.276224476021e+01,4.054001724384e+03
6.000000000000e+00,3.258365055554e+00,2.696186229587e-01,6.778107078436e+02,5.848925390514e+03,3.580345985938e+01,5.789904441464e+03,2.321748918997e+01,4.054002390909e+03
6.000000000000e+00,3.278136919388e+00,2.696186229587e-01,6.778107078436e+02,5.929080573771e+03,3.602071640402e+01,5.869387123747e+03,2.367273361973e+01,4.054002390909e+03
6.000000000000e+00,3.297908783223e+00,2.696186006069e-01,6.778106516522e+02,6.009235750439e+03,3.623797294866e+01,5.948869799441e+03,2.412797804948e+01,4.054001724384e+03
6.000000000000e+00,3.317680647057e+00,2.696186229587e-01,6.778107078436e+02,6.089390927107e+03,3.645522949330e+01,6.028352475135e+03,2.458322247924e+01,4.054002390909e+03
6.000000000000e+00,3.337452510891e+00,2.696185782552e-01,6.778105954608e+02,6.169546097186e+03,3.667248603794e+01,6.107835144239e+03,2.503846690900e+01,4.054001057860e+03
6.000000000000e+00,3.357224374726e+00,2.696186006069e-01,6.778106516522e+02,6.249701260676e+03,3.688974258257e+01,6.187317806755e+03,2.549371133876e+01,4.054001724384e+03
6.000000000000e+00,3.376996238560e+00,2.696186453104e-01,6.778107640351e+02,6.329856443933e+03,3.710699912721e+01,6.266800489038e+03,2.594895576851e+01,4.054003057434e+03
6.000000000000e+00,3.396768102395e+00,2.696186229587e-01,6.778107078436e+02,6.410011633780e+03,3.732425567185e+01,6.346283177910e+03,2.640420019827e+01,4.054002390909e+03
6.000000000000e+00,3.416539966229e+00,2.696186453104e-01,6.778107640351e+02,6.490166823626e+03,3.754151221649e+01,6.425765866782e+03,2.685944462803e+01,4.054003057434e+03
6.000000000000e+00,3.436311830063e+00,2.696185782552e-01,6.778105954608e+02,6.570322000295e+03,3.775876876113e+01,6.505248542476e+03,2.731468905779e+01,4.054001057860e+03
6.000000000000e+00,3.456083693898e+00,2.696185782552e-01,6.778105954608e+02,6.650477157195e+03,3.797602530576e+01,6.584731198402e+03,2.776993348754e+01,4.054001057860e+03
6.000000000000e+00,3.475855557732e+00,2.696186229587e-01,6.778107078436e+02,6.730632327274e+03,3.819328185040e+01,6.664213867506e+03,2.822517791730e+01,4.054002390909e+03
6.000000000000e+00,3.495627421567e+00,2.696186006069e-01,6.778106516522e+02,6.810787503942e+03,3.841053839504e+01,6.743696543200e+03,2.868042234706e+01,4.054001724384e+03
6.000000000000e+00,3.515399285401e+00,2.696186453104e-01,6.778107640351e+02,6.890942687199e+03,3.862779493968e+01,6.823179225483e+03,2.913566677682e+01,4.054003057434e+03
6.000000000000e+00,3.535171149235e+00,2.696186453104e-01,6.778107640351e+02,6.971097883635e+03,3.884505148432e+01,6.902661920944e+03,2.959091120658e+01,4.054003057434e+03
6.000000000000e+00,3.554943013070e+00,2.696186229587e-01,6.778107078436e+02,7.051253073482e+03,3.906230802896e+01,6.982144609816e+03,3.004615563633e+01,4.054002390909e+03
6.000000000000e+00,3.574714876904e+00,2.696186006069e-01,6.778106516522e+02,7.131408250150e+03,3.927956457359e+01,7.061627285510e+03,3.050140006609e+01,4.054001724384e+03
6.000000000000e+00,3.594486740739e+00,2.696186229587e-01,6.778107078436e+02,7.211563426818e+03,3.949682111823e+01,7.141109961204e+03,3.095664449585e+01,4.054002390909e+03
6.000000000000e+00,3.614258604573e+00,2.696186229587e-01,6.778107078436e+02,7.291718610075e+03,3.971407766287e+01,7.220592643487e+03,3.141188892561e+01,4.054002390909e+03
6.000000000000e+00,3.634030468407e+00,2.696186453104e-01,6.778107640351e+02,7.371873799922e+03,3.993133420751e+01,7.300075332359e+03,3.186713335536e+01,4.054003057434e+03
6.000000000000e+00,3.653802332242e+00,2.696186453104e-01,6.778107640351e+02,7.452028996358e+03,4.014859075215e+01,7.379558027820e+03,3.232237778512e+01,4.054003057434e+03
6.000000000000e+00,3.673574196076e+00,2.696186453104e-01,6.778107640351e+02,7.532184192794e+03,4.036584729679e+01,7.459040723282e+03,3.277762221488e+01,4.054003057434e+03
6.000000000000e+00,3.693346059910e+00,2.696186453104e-01,6.778107640351e+02,7.612339389229e+03,4.058310384142e+01,7.538523418743e+03,3.323286664464e+01,4.054003057434e+03
6.000000000000e+00,3.713117923745e+00,2.696186229587e-01,6.778107078436e+02,7.692494579076e+03,4.080036038606e+01,7.618006107615e+03,3.368811107439e+01,4.054002390909e+03
6.000000000000e+00,3.732889787579e+00,2.696186229587e-01,6.778107078436e+02,7.772649762333e+03,4.101761693070e+01,7.697488789898e+03,3.414335550415e+01,4.054002390909e+03
6.000000000000e+00,3.752661651414e+00,2.696186006069e-01,6.778106516522e+02,7.852804939001e+03,4.123487347534e+01,7.776971465592e+03,3.459859993391e+01,4.054001724384e+03
6.000000000000e+00,3.772433515248e+00,2.696186229587e-01,6.778107078436e+02,7.932960115669e+03,4.145213001998e+01,7.856454141286e+03,3.505384436367e+01,4.054002390909e+03
6.000000000000e+00,3.792205379082e+00,2.696186453104e-01,6.778107640351e+02,8.013115305516e+03,4.166938656462e+01,7.935936830158e+03,3.550908879342e+01,4.054003057434e+03
6.000000000000e+00,3.811977242917e+00,2.696186453104e-01,6.778107640351e+02,8.093270501952e+03,4.188664310925e+01,8.015419525619e+03,3.596433322318e+01,4.054003057434e+03
6.000000000000e+00,3.831749106751e+00,2.696186006069e-01,6.778106516522e+02,8.173425685209e+03,4.210389965389e+01,8.094902207902e+03,3.641957765294e+01,4.054001724384e+03
6.000000000000e+00,3.851520970586e+00,2.696186229587e-01,6.778107078436e+02,8.253580861877e+03,4.232115619853e+01,8.174384883596e+03,3.687482208270e+01,4.054002390909e+03
6.000000000000e+00,3.871292834420e+00,2.696185782552e-01,6.778105954608e+02,8.333736031956e+03,4.253841274317e+01,8.253867552701e+03,3.733006651246e+01,4.054001057860e+03
6.000000000000e+00,3.891064698254e+00,2.696185782552e-01,6.778105954608e+02,8.413891188857e+03,4.275566928781e+01,8.333350208627e+03,3.778531094221e+01,4.054001057860e+03
6.000000000000e+00,3.910836562089e+00,2.696186453104e-01,6.778107640351e+02,8.494046365525e+03,4.297292583245e+01,8.412832884320e+03,3.824055537197e+01,4.054003057434e+03
6.000000000000e+00,3.930608425923e+00,2.696186229587e-01,6.778107078436e+02,8.574201555371e+03,4.319018237708e+01,8.492315573193e+03,3.869579980173e+01,4.054002390909e+03
6.000000000000e+00,3.950380289758e+00,2.696186453104e-01,6.778107640351e+02,8.654356745218e+03,4.340743892172e+01,8.571798262065e+03,3.915104423149e+01,4.054003057434e+03
6.000000000000e+00,3.970152153592e+00,2.696186006069e-01,6.778106516522e+02,8.734511928475e+03,4.362469546636e+01,8.651280944348e+03,3.960628866124e+01,4.054001724384e+03
6.000000000000e+00,3.989924017426e+00,2.696185782552e-01,6.778105954608e+02,8.814667091965e+03,4.384195201100e+01,8.730763606863e+03,4.006153309100e+01,4.054001057860e+03
6.000000000000e+00,4.009695881261e+00,2.696186229587e-01,6.778107078436e+02,8.894822262044e+03,4.405920855564e+01,8.810246275968e+03,4.051677752076e+01,4.054002390909e+03
6.000000000000e+00,4.029467745095e+00,2.696186006069e-01,6.778106516522e+02,8.974977438712e+03,4.427646510027e+01,8.889728951661e+03,4.097202195052e+01,4.054001724384e+03
6.000000000000e+00,4.049239608930e+00,2.696186229587e-01,6.778107078436e+02,9.055132615380e+03,4.449372164491e+01,8.969211627355e+03,4.142726638027e+01,4.054002390909e+03
6.000000000000e+00,4.069011472764e+00,2.696186229587e-01,6.778107078436e+02,9.135287798638e+03,4.471097818955e+01,9.048694309638e+03,4.188251081003e+01,4.054002390909e+03
6.000000000000e+00,4.088783336598e+00,2.696186006069e-01,6.778106516522e+02,9.215442975306e+03,4.492823473419e+01,9.128176985332e+03,4.233775523979e+01,4.054001724384e+03
6.000000000000e+00,4.108555200433e+00,2.696186453104e-01,6.778107640351e+02,9.295598158563e+03,4.514549127883e+01,9.207659667615e+03,4.279299966955e+01,4.054003057434e+03
6.000000000000e+00,4.128327064267e+00,2.696186006069e-01,6.778106516522e+02,9.375753341820e+03,4.536274782347e+01,9.287142349898e+03,4.324824409931e+01,4.054001724384e+03
6.000000000000e+00,4.148098928101e+00,2.696186006069e-01,6.778106516522e+02,9.455908511899e+03,4.558000436810e+01,9.366625019002e+03,4.370348852906e+01,4.054001724384e+03
6.000000000000e+00,4.167870791936e+00,2.696186453104e-01,6.778107640351e+02,9.536063695157e+03,4.579726091274e+01,9.446107701285e+03,4.415873295882e+01,4.054003057434e+03
6.000000000000e+00,4.187642655770e+00,2.696186006069e-01,6.778106516522e+02,9.616218878414e+03,4.601451745738e+01,9.525590383568e+03,4.461397738858e+01,4.054001724384e+03
6.000000000000e+00,4.207414519605e+00,2.696186453104e-01,6.778107640351e+02,9.696374061671e+03,4.623177400202e+01,9.605073065851e+03,4.506922181834e+01,4.054003057434e+03
6.000000000000e+00,4.227186383439e+00,2.696186229587e-01,6.778107078436e+02,9.776529251518e+03,4.644903054666e+01,9.684555754723e+03,4.552446624809e+01,4.054002390909e+03
6.000000000000e+00,4.246958247273e+00,2.696186229587e-01,6.778107078436e+02,9.856684434775e+03,4.666628709130e+01,9.764038437006e+03,4.597971067785e+01,4.054002390909e+03
6.000000000000e+00,4.266730111108e+00,2.696186006069e-01,6.778106516522e+02,9.936839611443e+03,4.688354363593e+01,9.843521112700e+03,4.643495510761e+01,4.054001724384e+03
6.000000000000e+00,4.286501974942e+00,2.696186229587e-01,6.778107078436e+02,1.001699478811e+04,4.710080018057e+01,9.923003788394e+03,4.689019953737e+01,4.054002390909e+03
6.000000000000e+00,4.306273838777e+00,2.696186453104e-01,6.778107640351e+02,1.009714997796e+04,4.731805672521e+01,1.000248647727e+04,4.734544396712e+01,4.054003057434e+03
6.000000000000e+00,4.326045702611e+00,2.696185782552e-01,6.778105954608e+02,1.017730515463e+04,4.753531326985e+01,1.008196915296e+04,4.780068839688e+01,4.054001057860e+03
6.000000000000e+00,4.345817566445e+00,2.696186453104e-01,6.778107640351e+02,1.025746033129e+04,4.775256981449e+01,1.016145182865e+04,4.825593282664e+01,4.054003057434e+03
6.000000000000e+00,4.365589430280e+00,2.696186006069e-01,6.778106516522e+02,1.033761551455e+04,4.796982635913e+01,1.024093451094e+04,4.871117725640e+01,4.054001724384e+03
6.000000000000e+00,4.385361294114e+00,2.696185782552e-01,6.778105954608e+02,1.041777067804e+04,4.818708290376e+01,1.032041717345e+04,4.916642168615e+01,4.054001057860e+03
6.000000000000e+00,4.405133157949e+00,2.696186229587e-01,6.778107078436e+02,1.049792584812e+04,4.840433944840e+01,1.039989984256e+04,4.962166611591e+01,4.054002390909e+03
6.000000000000e+00,4.424905021783e+00,2.696186006069e-01,6.778106516522e+02,1.057808102479e+04,4.862159599304e+01,1.047938251825e+04,5.007691054567e+01,4.054001724384e+03
6.000000000000e+00,4.444676885617e+00,2.696186229587e-01,6.778107078436e+02,1.065823620146e+04,4.883885253768e+01,1.055886519394e+04,5.053215497543e+01,4.054002390909e+03
6.000000000000e+00,4.464448749452e+00,2.696186006069e-01,6.778106516522e+02,1.073839137812e+04,4.905610908232e+01,1.063834786964e+04,5.098739940519e+01,4.054001724384e+03
6.000000000000e+00,4.484220613286e+00,2.696186229587e-01,6.778107078436e+02,1.081854655479e+04,4.927336562696e+01,1.071783054533e+04,5.144264383494e+01,4.054002390909e+03
6.000000000000e+00,4.503992477120e+00,2.696186229587e-01,6.778107078436e+02,1.089870173805e+04,4.949062217159e+01,1.079731322761e+04,5.189788826470e+01,4.054002390909e+03
6.000000000000e+00,4.523764340955e+00,2.696186229587e-01,6.778107078436e+02,1.097885692131e+04,4.970787871623e+01,1.087679590990e+04,5.235313269446e+01,4.054002390909e+03
6.000000000000e+00,4.543536204789e+00,2.696186229587e-01,6.778107078436e+02,1.105901210456e+04,4.992513526087e+01,1.095627859218e+04,5.280837712422e+01,4.054002390909e+03
6.000000000000e+00,4.563308068624e+00,2.696186229587e-01,6.778107078436e+02,1.113916728782e+04,5.014239180551e+01,1.103576127446e+04,5.326362155397e+01,4.054002390909e+03
6.000000000000e+00,4.583079932458e+00,2.696186006069e-01,6.778106516522e+02,1.121932246449e+04,5.035964835015e+01,1.111524395016e+04,5.371886598373e+01,4.054001724384e+03
6.000000000000e+00,4.602851796292e+00,2.696186006069e-01,6.778106516522e+02,1.129947763457e+04,5.057690489479e+01,1.119472661926e+04,5.417411041349e+01,4.054001724384e+03
6.000000000000e+00,4.622623660127e+00,2.696186006069e-01,6.778106516522e+02,1.137963280465e+04,5.079416143942e+01,1.127420928837e+04,5.462935484325e+01,4.054001724384e+03
6.000000000000e+00,4.642395523961e+00,2.696186229587e-01,6.778107078436e+02,1.145978798132e+04,5.101141798406e+01,1.135369196406e+04,5.508459927300e+01,4.054002390909e+03
6.000000000000e+00,4.662167387796e+00,2.696186229587e-01,6.778107078436e+02,1.153994316457e+04,5.122867452870e+01,1.143317464634e+04,5.553984370276e+01,4.054002390909e+03
6.000000000000e+00,4.681939251630e+00,2.696185782552e-01,6.778105954608e+02,1.162009833465e+04,5.144593107334e+01,1.151265731545e+04,5.599508813252e+01,4.054001057860e+03
6.000000000000e+00,4.701711115464e+00,2.696186006069e-01,6.778106516522e+02,1.170025349814e+04,5.166318761798e+01,1.159213997796e+04,5.645033256228e+01,4.054001724384e+03
6.000000000000e+00,4.721482979299e+00,2.696186229587e-01,6.778107078436e+02,1.178040867481e+04,5.188044416261e+01,1.167162265366e+04,5.690557699204e+01,4.054002390909e+03
6.000000000000e+00,4.741254843133e+00,2.696185782552e-01,6.778105954608e+02,1.186056384489e+04,5.209770070725e+01,1.175110532276e+04,5.736082142179e+01,4.054001057860e+03
6.000000000000e+00,4.761026706968e+00,2.696186229587e-01,6.778107078436e+02,1.194071901497e+04,5.231495725189e+01,1.183058799186e+04,5.781606585155e+01,4.054002390909e+03
6.000000000000e+00,4.780798570802e+00,2.696185782552e-01,6.778105954608e+02,1.202087418505e+04,5.253221379653e+01,1.191007066097e+04,5.827131028131e+01,4.054001057860e+03
6.000000000000e+00,4.800570434636e+00,2.696186006069e-01,6.778106516522e+02,1.210102934854e+04,5.274947034117e+01,1.198955332348e+04,5.872655471107e+01,4.054001724384e+03
6.000000000000e+00,4.820342298471e+00,2.696186006069e-01,6.778106516522e+02,1.218118451862e+04,5.296672688581e+01,1.206903599259e+04,5.918179914082e+01,4.054001724384e+03
6.000000000000e+00,4.840114162305e+00,2.696186453104e-01,6.778107640351e+02,1.226133970187e+04,5.318398343044e+01,1.214851867487e+04,5.963704357058e+01,4.054003057434e+03
6.000000000000e+00,4.859886026140e+00,2.696185782552e-01,6.778105954608e+02,1.234149487854e+04,5.340123997508e+01,1.222800135057e+04,6.009228800034e+01,4.054001057860e+03
6.000000000000e+00,4.879657889974e+00,2.696186229587e-01,6.778107078436e+02,1.242165004862e+04,5.361849651972e+01,1.230748401967e+04,6.054753243010e+01,4.054002390909e+03
6.000000000000e+00,4.899429753808e+00,2.696186229587e-01,6.778107078436e+02,1.250180523188e+04,5.383575306436e+01,1.238696670195e+04,6.100277685985e+01,4.054002390909e+03
6.000000000000e+00,4.919201617643e+00,2.696186006069e-01,6.778106516522e+02,1.258196040855e+04,5.405300960900e+01,1.246644937765e+04,6.145802128961e+01,4.054001724384e+03
6.000000000000e+00,4.938973481477e+00,2.696185782552e-01,6.778105954608e+02,1.266211557204e+04,5.427026615364e+01,1.254593204016e+04,6.191326571937e+01,4.054001057860e+03
6.000000000000e+00,4.958745345311e+00,2.696186006069e-01,6.778106516522e+02,1.274227073552e+04,5.448752269827e+01,1.262541470268e+04,6.236851014913e+01,4.054001724384e+03
6.000000000000e+00,4.978517209146e+00,2.696186006069e-01,6.778106516522e+02,1.282242590560e+04,5.470477924291e+01,1.270489737178e+04,6.282375457888e+01,4.054001724384e+03
6.000000000000e+00,4.998289072980e+00,2.696186453104e-01,6.778107640351e+02,1.290258108886e+04,5.492203578755e+01,1.278438005407e+04,6.327899900864e+01,4.054003057434e+03
6.000000000000e+00,5.018060936815e+00,2.696186006069e-01,6.778106516522e+02,1.298273627212e+04,5.513929233219e+01,1.286386273635e+04,6.373424343840e+01,4.054001724384e+03
6.000000000000e+00,5.037832800649e+00,2.696186453104e-01,6.778107640351e+02,1.306289145538e+04,5.535654887683e+01,1.294334541863e+04,6.418948786816e+01,4.054003057434e+03
6.000000000000e+00,5.057604664483e+00,2.696186006069e-01,6.778106516522e+02,1.314302477843e+04,5.557380542147e+01,1.302282810091e+04,6.462287209510e+01,4.051790480872e+03
6.000000000000e+00,5.077376528318e+00,2.696186453104e-01,6.778107640351e+02,1.322301793772e+04,5.579106196610e+01,1.310231078320e+04,6.491609255343e+01,4.039824953661e+03
6.000000000000e+00,5.109066669163e+00,2.690292298794e-01,6.763289966181e+02,1.335064405424e+04,5.613927853065e+01,1.322942664068e+04,6.507813502766e+01,4.014801066927e+03
6.000000000000e+00,5.140756810008e+00,2.672686949372e-01,6.719030804027e+02,1.347702448712e+04,5.648749509520e+01,1.335543699203e+04,6.510000000000e+01,3.961208474876e+03
6.000000000000e+00,5.172446950853e+00,2.643598169088e-01,6.645902744332e+02,1.360120069859e+04,5.683571165974e+01,1.347926498693e+04,6.510000000000e+01,3.875690204771e+03
6.000000000000e+00,5.204137091698e+00,2.603399679065e-01,6.544845307430e+02,1.372217370550e+04,5.718392822429e+01,1.359988977728e+04,6.510000000000e+01,3.759050675740e+03
6.000000000000e+00,5.235827232543e+00,2.552601993084e-01,6.417141905070e+02,1.383900358471e+04,5.753214478884e+01,1.371637143993e+04,6.510000000000e+01,3.614212812256e+03
6.000000000000e+00,5.267517373388e+00,2.491839006543e-01,6.264386125570e+02,1.395085271142e+04,5.788036135339e+01,1.382787235007e+04,6.510000000000e+01,3.444709851043e+03
6.000000000000e+00,5.299207514233e+00,2.421854138374e-01,6.088446895144e+02,1.405700282730e+04,5.822857791793e+01,1.393367424938e+04,6.510000000000e+01,3.254541906709e+03
6.000000000000e+00,5.330897655078e+00,2.343482002616e-01,5.891422400950e+02,1.415686725735e+04,5.857679448248e+01,1.403319046286e+04,6.510000000000e+01,3.048013233959e+03
6.000000000000e+00,5.362587795923e+00,2.257630527020e-01,5.675595137963e+02,1.424999800029e+04,5.892501104703e+01,1.412597298925e+04,6.510000000000e+01,2.829571432029e+03
6.000000000000e+00,5.394277936769e+00,2.165260836482e-01,5.443381336708e+02,1.433608774799e+04,5.927322761157e+01,1.421171452038e+04,6.510000000000e+01,2.603648200120e+03
6.000000000000e+00,5.425968077614e+00,2.067367583513e-01,5.197281514819e+02,1.441496709435e+04,5.962144417612e+01,1.429024565017e+04,6.510000000000e+01,2.374514992273e+03
6.000000000000e+00,5.457658218459e+00,1.964959949255e-01,4.939832714349e+02,1.448659748500e+04,5.996966074067e+01,1.436152782426e+04,6.510000000000e+01,2.146158551151e+03
6.000000000000e+00,5.489348359304e+00,1.859043091536e-01,4.673561862894e+02,1.455106057936e+04,6.031787730521e+01,1.442564270205e+04,6.510000000000e+01,1.922178959699e+03
6.000000000000e+00,5.521038500149e+00,1.750601492822e-01,4.400943910999e+02,1.460854481553e+04,6.066609386976e+01,1.448277872166e+04,6.510000000000e+01,1.705715056577e+03
6.000000000000e+00,5.552728640994e+00,1.640583314002e-01,4.124362498173e+02,1.465933001316e+04,6.101431043431e+01,1.453321570272e+04,6.510000000000e+01,1.499395193578e+03
6.000000000000e+00,5.584418781839e+00,1.529888659716e-01,3.846080452398e+02,1.470377088277e+04,6.136252699885e+01,1.457730835577e+04,6.510000000000e+01,1.305317466201e+03
6.000000000000e+00,5.616108922684e+00,1.419357284904e-01,3.568208884855e+02,1.474228019788e+04,6.171074356340e+01,1.461546945432e+04,6.510000000000e+01,1.125048198669e+03
6.000000000000e+00,5.647799063529e+00,1.309762112796e-01,3.292690894417e+02,1.477531233747e+04,6.205896012795e+01,1.464815337734e+04,6.510000000000e+01,9.596468331884e+02
6.000000000000e+00,5.679489204374e+00,1.201801747084e-01,3.021282743527e+02,1.480334778231e+04,6.240717669249e+01,1.467584060562e+04,6.510000000000e+01,8.097012410771e+02
6.000000000000e+00,5.711179345219e+00,1.096097007394e-01,2.755545148529e+02,1.482687897080e+04,6.275539325704e+01,1.469902357754e+04,6.510000000000e+01,6.753782103865e+02
6.000000000000e+00,5.742869486064e+00,9.931901469827e-02,2.496841312971e+02,1.484639788440e+04,6.310360982159e+01,1.471819427458e+04,6.510000000000e+01,5.564821145870e+02
6.000000000000e+00,5.774559626909e+00,8.935434557498e-02,2.246333415640e+02,1.486238550485e+04,6.345182638614e+01,1.473383367846e+04,6.510000000000e+01,4.525143758921e+02
6.000000000000e+00,5.806249767754e+00,7.975416071713e-02,2.004988510658e+02,1.487530320959e+04,6.380004295068e+01,1.474640316664e+04,6.510000000000e+01,3.627363233366e+02
6.000000000000e+00,5.837939908599e+00,7.054952904582e-02,1.773587658591e+02,1.488558611592e+04,6.414825951523e+01,1.475633785640e+04,6.510000000000e+01,2.862293206348e+02
6.000000000000e+00,5.869630049445e+00,6.176441721618e-02,1.552733371807e+02,1.489363823717e+04,6.449647607978e+01,1.476404176109e+04,6.510000000000e+01,2.219489979911e+02
6.000000000000e+00,5.901320190290e+00,5.341622605920e-02,1.342863100412e+02,1.489982929089e+04,6.484469264432e+01,1.476988459824e+04,6.510000000000e+01,1.687752814623e+02
6.000000000000e+00,5.933010331135e+00,4.551639687270e-02,1.144264474176e+02,1.490449298318e+04,6.519290920887e+01,1.477420007397e+04,6.510000000000e+01,1.255555209982e+02
6.000000000000e+00,5.964700471980e+00,3.807088360190e-02,9.570871729582e+01,1.490792653191e+04,6.554112577342e+01,1.477728540614e+04,6.510000000000e+01,9.113955460403e+01
6.000000000000e+00,5.996390612825e+00,3.108082897961e-02,7.813599246172e+01,1.491039120906e+04,6.588934233796e+01,1.477940186672e+04,6.510000000000e+01,6.440895868023e+01
6.000000000000e+00,6.028080753670e+00,2.454317361116e-02,6.170058171636e+01,1.491211369563e+04,6.623755890251e+01,1.478077613673e+04,6.510000000000e+01,4.429908275912e+01
6.000000000000e+00,6.059770894515e+00,1.845117704943e-02,4.638553983839e+01,1.491328803576e+04,6.658577546706e+01,1.478160226029e+04,6.510000000000e+01,2.981482732629e+01
6.000000000000e+00,6.091461035360e+00,1.279503386468e-02,3.216621635973e+01,1.491407801262e+04,6.693399203160e+01,1.478204402059e+04,6.510000000000e+01,2.004149005331e+01
6.000000000000e+00,6.123151176205e+00,7.562368176877e-03,1.901149880040e+01,1.491461979094e+04,6.728220859615e+01,1.478223758234e+04,6.510000000000e+01,1.415074165600e+01
6.000000000000e+00,6.154841317050e+00,2.738798561040e-03,6.885232818597e+00,1.491502469135e+04,6.763042516070e+01,1.478229426619e+04,6.510000000000e+01,1.140297341888e+01
6.000000000000e+00,6.186531457895e+00,1.691726152785e-03,4.252933601225e+00,1.491538198827e+04,6.797864172525e+01,1.478230334655e+04,6.510000000000e+01,1.114643228482e+01
6.000000000000e+00,6.218221598740e+00,5.746444570832e-03,1.444633764314e+01,1.491576164718e+04,6.832685828979e+01,1.478233478889e+04,6.510000000000e+01,1.281426302180e+01
6.000000000000e+00,6.249911739585e+00,9.443441871554e-03,2.374044474079e+01,1.491621693953e+04,6.867507485434e+01,1.478244186468e+04,6.510000000000e+01,1.591974341722e+01
6.000000000000e+00,6.281601880430e+00,1.280133705586e-02,3.218206233666e+01,1.491678688918e+04,6.902329141889e+01,1.478266359776e+04,6.510000000000e+01,2.005041209003e+01
6.000000000000e+00,6.313292021276e+00,1.583901280537e-02,3.981866075623e+01,1.491749852187e+04,6.937150798343e+01,1.478302701388e+04,6.510000000000e+01,2.486151741160e+01
6.000000000000e+00,6.344982162121e+00,1.857534516603e-02,4.669769364320e+01,1.491836890089e+04,6.971972454798e+01,1.478354917634e+04,6.510000000000e+01,3.006906982437e+01
6.000000000000e+00,6.376672302966e+00,2.102906908840e-02,5.286625993297e+01,1.491940694472e+04,7.006794111253e+01,1.478423900361e+04,6.510000000000e+01,3.544302974180e+01
6.000000000000e+00,6.408362443811e+00,2.321857307106e-02,5.837058759413e+01,1.492061502906e+04,7.041615767707e+01,1.478509887138e+04,6.510000000000e+01,4.080051523866e+01
6.000000000000e+00,6.440052584656e+00,2.516177482903e-02,6.325572106376e+01,1.492199038018e+04,7.076437424162e+01,1.478612600593e+04,6.510000000000e+01,4.599942181176e+01
6.000000000000e+00,6.471742725501e+00,2.687601651996e-02,6.756525785019e+01,1.492352627295e+04,7.111259080617e+01,1.478731368214e+04,6.510000000000e+01,5.093247774609e+01
6.000000000000e+00,6.503432866346e+00,2.837799489498e-02,7.134117293485e+01,1.492521304916e+04,7.146080737071e+01,1.478865224179e+04,6.510000000000e+01,5.552184301048e+01
6.000000000000e+00,6.535123007191e+00,2.968367747962e-02,7.462360805452e+01,1.492703897146e+04,7.180902393526e+01,1.479012994753e+04,6.510000000000e+01,5.971414233983e+01
6.000000000000e+00,6.566813148036e+00,3.080829139799e-02,7.745084360558e+01,1.492899093123e+04,7.215724049981e+01,1.479173369073e+04,6.510000000000e+01,6.347620743107e+01
6.000000000000e+00,6.598503288881e+00,3.176627587527e-02,7.985917923731e+01,1.493105502734e+04,7.250545706435e+01,1.479344957028e+04,6.510000000000e+01,6.679119159693e+01
6.000000000000e+00,6.630193429726e+00,3.257128503174e-02,8.188294087580e+01,1.493321703172e+04,7.285367362890e+01,1.479526335810e+04,6.510000000000e+01,6.965530720453e+01
6.000000000000e+00,6.661883570571e+00,3.323617391288e-02,8.355444560430e+01,1.493546275746e+04,7.320189019345e+01,1.479716086727e+04,6.510000000000e+01,7.207493922504e+01
6.000000000000e+00,6.693573711416e+00,3.377302084118e-02,8.490405785467e+01,1.493777834374e+04,7.355010675800e+01,1.479912823698e+04,6.510000000000e+01,7.406428374958e+01
6.000000000000e+00,6.725263852261e+00,3.419311903417e-02,8.596016833558e+01,1.494015046991e+04,7.389832332254e+01,1.480115214658e+04,6.510000000000e+01,7.564323437538e+01
6.000000000000e+00,6.756953993107e+00,3.450702689588e-02,8.674932046316e+01,1.494256651106e+04,7.424653988709e+01,1.480321997117e+04,6.510000000000e+01,7.683580740510e+01
6.000000000000e+00,6.788644133952e+00,3.472457360476e-02,8.729622440888e+01,1.494501464565e+04,7.459475645164e+01,1.480531988920e+04,6.510000000000e+01,7.766868661333e+01
6.000000000000e+00,6.820334274797e+00,3.485489543527e-02,8.762384841058e+01,1.494748392270e+04,7.494297301618e+01,1.480744094969e+04,6.510000000000e+01,7.817013173788e+01
6.000000000000e+00,6.852024415642e+00,3.490646369755e-02,8.775348901172e+01,1.494996429741e+04,7.529118958073e+01,1.480957310783e+04,6.510000000000e+01,7.836907194306e+01
6.000000000000e+00,6.883714556487e+00,3.488711267710e-02,8.770484130063e+01,1.495244664092e+04,7.563940614528e+01,1.481170723477e+04,6.510000000000e+01,7.829438503915e+01
6.000000000000e+00,6.915404697332e+00,3.480408992618e-02,8.749612534123e+01,1.495492273116e+04,7.598762270982e+01,1.481383510845e+04,6.510000000000e+01,7.797442170804e+01
6.000000000000e+00,6.947094838177e+00,3.466406743973e-02,8.714411426865e+01,1.495738522837e+04,7.633583927437e+01,1.481594938909e+04,6.510000000000e+01,7.743651285002e+01
6.000000000000e+00,6.978784979022e+00,3.447319474071e-02,8.666426774391e+01,1.495982763924e+04,7.668405583892e+01,1.481804358340e+04,6.510000000000e+01,7.670675105432e+01
6.000000000000e+00,7.010475119867e+00,3.423711843789e-02,8.607078112133e+01,1.496224427373e+04,7.703227240346e+01,1.482011200132e+04,6.510000000000e+01,7.580973657274e+01
6.000000000000e+00,7.042165260712e+00,3.396102134138e-02,8.537668378354e+01,1.496463019610e+04,7.738048896801e+01,1.482214970714e+04,6.510000000000e+01,7.476847581933e+01
6.000000000000e+00,7.073855401557e+00,3.364965040237e-02,8.459390938072e+01,1.496698117319e+04,7.772870553256e+01,1.482415246766e+04,6.510000000000e+01,7.360430031067e+01
6.000000000000e+00,7.105545542402e+00,3.330735303462e-02,8.373338714163e+01,1.496929362128e+04,7.807692209710e+01,1.482611669919e+04,6.510000000000e+01,7.233686821726e+01
6.000000000000e+00,7.137235683247e+00,3.293808829039e-02,8.280506996934e+01,1.497156455234e+04,7.842513866165e+01,1.482803941368e+04,6.510000000000e+01,7.098411375841e+01
6.000000000000e+00,7.168925824092e+00,3.254547715187e-02,8.181806087186e+01,1.497379152134e+04,7.877335522620e+01,1.482991816611e+04,6.510000000000e+01,6.956237414020e+01
6.000000000000e+00,7.200615964937e+00,3.213281929493e-02,8.078065510574e+01,1.497597257612e+04,7.912157179075e+01,1.483175100433e+04,6.510000000000e+01,6.808641674191e+01
6.000000000000e+00,7.232306105783e+00,3.170310705900e-02,7.970037529566e+01,1.497810620826e+04,7.946978835529e+01,1.483353641990e+04,6.510000000000e+01,6.656947809278e+01
6.000000000000e+00,7.263996246628e+00,3.125906176865e-02,7.858406274550e+01,1.498019130664e+04,7.981800491984e+01,1.483527330172e+04,6.510000000000e+01,6.502339767682e+01
6.000000000000e+00,7.295686387473e+00,3.080315329134e-02,7.743792660577e+01,1.498222711455e+04,8.016622148439e+01,1.483696089306e+04,6.510000000000e+01,6.345870132169e+01
6.000000000000e+00,7.327376528318e+00,3.033761400729e-02,7.626757899333e+01,1.498421318915e+04,8.051443804893e+01,1.483859875110e+04,6.510000000000e+01,6.188467369608e+01
8.000000000000e+00,0.000000000000e+00,4.045015200973e-02,1.016901053244e+02,0.000000000000e+00,0.000000000000e+00,0.000000000000e+00,0.000000000000e+00,1.014708454558e+02
8.000000000000e+00,3.169014084507e-02,4.107087105513e-02,1.032505688077e+02,3.259964190516e+00,3.482165645469e-01,2.911747625969e+00,0.000000000000e+00,1.042691167902e+02
8.000000000000e+00,6.338028169014e-02,4.167874902487e-02,1.047787503273e+02,6.608343141054e+00,6.964331290938e-01,5.911910011960e+00,0.000000000000e+00,1.070507991993e+02
8.000000000000e+00,9.507042253521e-02,4.227080941200e-02,1.062671670609e+02,1.004434960627e+01,1.044649693641e+00,8.999699912629e+00,0.000000000000e+00,1.097993866054e+02
8.000000000000e+00,1.267605633803e-01,4.284375905991e-02,1.077075401410e+02,1.356663829867e+01,1.392866258188e+00,1.217377204048e+01,0.000000000000e+00,1.124961664261e+02
8.000000000000e+00,1.584507042254e-01,4.339396953583e-02,1.090907478291e+02,1.717323392199e+01,1.741082822734e+00,1.543215109925e+01,0.000000000000e+00,1.151200906897e+02
8.000000000000e+00,1.901408450704e-01,4.391745105386e-02,1.104067599591e+02,2.086145481337e+01,2.089299387281e+00,1.877215542609e+01,0.000000000000e+00,1.176476277888e+02
8.000000000000e+00,2.218309859155e-01,4.440980404615e-02,1.116445161888e+02,2.462783046749e+01,2.437515951828e+00,2.219031451566e+01,0.000000000000e+00,1.200525246045e+02
8.000000000000e+00,2.535211267606e-01,4.486620053649e-02,1.127918791743e+02,2.846801419350e+01,2.785732516375e+00,2.568228167713e+01,0.000000000000e+00,1.223057372150e+02
8.000000000000e+00,2.852112676056e-01,4.528136178851e-02,1.138355783781e+02,3.237669390831e+01,3.133949080922e+00,2.924274482739e+01,0.000000000000e+00,1.243753825638e+02
8.000000000000e+00,3.169014084507e-01,4.564949125051e-02,1.147610414951e+02,3.634749858824e+01,3.482165645469e+00,3.286533294277e+01,0.000000000000e+00,1.262265127920e+02
8.000000000000e+00,3.485915492958e-01,4.596425965428e-02,1.155523569919e+02,4.037290257057e+01,3.830382210016e+00,3.654252036055e+01,0.000000000000e+00,1.278212052037e+02
8.000000000000e+00,3.802816901408e-01,4.621875658631e-02,1.161921523582e+02,4.444413123677e+01,4.178598774563e+00,4.026553246220e+01,0.000000000000e+00,1.291185595072e+02
8.000000000000e+00,4.119718309859e-01,4.640545323491e-02,1.166615004550e+02,4.855106893546e+01,4.526815339110e+00,4.402425359635e+01,0.000000000000e+00,1.300748419215e+02
8.000000000000e+00,4.436619718310e-01,4.651615023613e-02,1.169397884008e+02,5.268217204793e+01,4.875031903657e+00,4.780714014427e+01,0.000000000000e+00,1.306436656212e+02
8.000000000000e+00,4.753521126761e-01,4.654195159674e-02,1.170046520156e+02,5.682439206843e+01,5.223248468203e+00,5.160114360023e+01,0.000000000000e+00,1.307764423393e+02
8.000000000000e+00,5.070422535211e-01,4.647319391370e-02,1.168317978808e+02,6.096311199594e+01,5.571465032750e+00,5.539164696319e+01,0.000000000000e+00,1.304227708634e+02
8.000000000000e+00,5.387323943662e-01,4.629943147302e-02,1.163949658785e+02,6.508210275923e+01,5.919681597297e+00,5.916242116193e+01,0.000000000000e+00,1.295313128642e+02
8.000000000000e+00,5.704225352113e-01,4.600936919451e-02,1.156657606175e+02,6.916350692159e+01,6.267898161844e+00,6.289560875975e+01,0.000000000000e+00,1.280506387162e+02
8.000000000000e+00,6.021126760563e-01,4.559082537889e-02,1.146135577808e+02,7.318785609134e+01,6.616114726391e+00,6.657174136495e+01,0.000000000000e+00,1.259305088856e+02
8.000000000000e+00,6.338028169014e-01,4.503069445491e-02,1.132054104729e+02,7.713413417220e+01,6.964331290938e+00,7.016980288126e+01,0.000000000000e+00,1.231234855509e+02
8.000000000000e+00,6.654929577465e-01,4.431489855051e-02,1.114059274724e+02,8.097989689671e+01,7.312547855485e+00,7.366734904123e+01,0.000000000000e+00,1.195868730628e+02
8.000000000000e+00,6.971830985915e-01,4.342838004231e-02,1.091772545011e+02,8.470146309883e+01,7.660764420032e+00,7.704069867880e+01,0.000000000000e+00,1.152853050263e+02
8.000000000000e+00,7.288732394366e-01,4.235503450036e-02,1.064789056498e+02,8.827419133959e+01,8.008980984579e+00,8.026521035501e+01,0.000000000000e+00,1.101935439462e+02
8.000000000000e+00,7.605633802817e-01,4.107772186399e-02,1.032677914741e+02,9.167286043181e+01,8.357197549126e+00,8.331566288268e+01,0.000000000000e+00,1.043002387624e+02
8.000000000000e+00,7.922535211268e-01,3.957823663950e-02,9.949814407270e+01,9.487217602382e+01,8.705414113672e+00,8.616676191015e+01,0.000000000000e+00,9.761212304464e+01
8.000000000000e+00,8.239436619718e-01,3.783732652664e-02,9.512156391314e+01,9.784742501244e+01,9.053630678219e+00,8.879379433422e+01,0.000000000000e+00,9.015914645913e+01
8.000000000000e+00,8.556338028169e-01,3.583468869328e-02,9.008701046692e+01,1.005753031674e+02,9.401847242766e+00,9.117345592466e+01,0.000000000000e+00,8.200027487800e+01
8.000000000000e+00,8.873239436620e-01,3.354903310537e-02,8.434096141834e+01,1.030349441055e+02,9.750063807313e+00,9.328488029824e+01,0.000000000000e+00,7.323039766142e+01
8.000000000000e+00,9.190140845070e-01,3.095809742808e-02,7.782745012550e+01,1.052091776491e+02,1.009828037186e+01,9.511089727724e+01,0.000000000000e+00,6.398789708700e+01
8.000000000000e+00,9.507042253521e-01,2.803875878453e-02,7.048834657729e+01,1.070860480357e+02,1.044649693641e+01,9.663955109934e+01,0.000000000000e+00,5.446347842592e+01
8.000000000000e+00,9.823943661972e-01,2.476712688804e-02,6.226359152427e+01,1.086606241854e+02,1.079471350095e+01,9.786591068442e+01,0.000000000000e+00,4.490977190606e+01
8.000000000000e+00,1.014084507042e+00,2.111868374050e-02,5.309154767498e+01,1.099371295651e+02,1.114293006550e+01,9.879419949963e+01,0.000000000000e+00,3.565190095002e+01
8.000000000000e+00,1.045774647887e+00,1.706844940782e-02,4.290941644887e+01,1.109314192341e+02,1.149114663005e+01,9.944027260402e+01,0.000000000000e+00,2.709882482277e+01
8.000000000000e+00,1.077464788732e+00,1.259125582874e-02,3.165392632105e+01,1.116738279454e+02,1.183936319459e+01,9.983446475082e+01,0.000000000000e+00,1.975541384889e+01
8.000000000000e+00,1.109154929577e+00,7.661926094443e-03,1.926178352419e+01,1.122124014717e+02,1.218757975914e+01,1.000248217126e+02,0.000000000000e+00,1.423455981259e+01
8.000000000000e+00,1.140845070423e+00,2.255634870380e-03,5.670578134967e+00,1.126165155296e+02,1.253579632369e+01,1.000807192059e+02,0.000000000000e+00,1.126952739129e+01
8.000000000000e+00,1.172535211268e+00,3.651731414720e-03,9.180310424796e+00,1.129808749507e+02,1.288401288824e+01,1.000968620624e+02,0.000000000000e+00,1.172560051851e+01
8.000000000000e+00,1.204225352113e+00,1.008315756917e-02,2.534866506720e+01,1.134298628048e+02,1.323222945278e+01,1.001976333520e+02,0.000000000000e+00,1.661052182895e+01
8.000000000000e+00,1.235915492958e+00,1.706004515290e-02,4.288828847964e+01,1.141221891556e+02,1.358044601733e+01,1.005417431383e+02,0.000000000000e+00,2.708296342416e+01
8.000000000000e+00,1.267605633803e+00,2.460156939924e-02,6.184738645119e+01,1.152557573563e+02,1.392866258188e+01,1.013270947744e+02,0.000000000000e+00,4.445778524280e+01
8.000000000000e+00,1.299295774648e+00,3.272423148155e-02,8.226744228848e+01,1.170726380276e+02,1.427687914642e+01,1.027957588812e+02,0.000000000000e+00,7.020757267894e+01
8.000000000000e+00,1.330985915493e+00,4.144110530615e-02,1.041813232823e+02,1.198640012722e+02,1.462509571097e+01,1.052389055613e+02,0.000000000000e+00,1.059584632054e+02
8.000000000000e+00,1.362676056338e+00,5.076117813587e-02,1.276116230611e+02,1.239748144280e+02,1.497331227552e+01,1.090015021525e+02,0.000000000000e+00,1.534795226254e+02
8.000000000000e+00,1.394366197183e+00,6.068852916360e-02,1.525685965568e+02,1.298080659589e+02,1.532152884006e+01,1.144865371189e+02,0.000000000000e+00,2.146634628818e+02
8.000000000000e+00,1.426056338028e+00,7.122163474560e-02,1.790484133883e+02,1.378282393732e+02,1.566974540461e+01,1.221584939686e+02,0.000000000000e+00,2.914985925956e+02
8.000000000000e+00,1.457746478873e+00,8.235255628824e-02,2.070311162409e+02,1.485637219985e+02,1.601796196916e+01,1.325457600294e+02,0.000000000000e+00,3.860296442025e+02
8.000000000000e+00,1.489436619718e+00,9.406603872776e-02,2.364783544788e+02,1.626077691076e+02,1.636617853370e+01,1.462415905739e+02,0.000000000000e+00,5.003057733468e+02
8.000000000000e+00,1.521126760563e+00,1.063388809562e-01,2.673318014211e+02,1.806176563672e+02,1.671439509825e+01,1.639032612690e+02,0.000000000000e+00,6.363182225944e+02
8.000000000000e+00,1.552816901408e+00,1.191391274333e-01,2.995111220853e+02,2.033116296904e+02,1.706261166280e+01,1.862490180276e+02,0.000000000000e+00,7.959236493598e+02
8.000000000000e+00,1.584507042254e+00,1.324253529310e-01,3.329121750629e+02,2.314632309362e+02,1.741082822734e+01,2.140524027088e+02,0.000000000000e+00,9.807551848174e+02
8.000000000000e+00,1.616197183099e+00,1.461462676525e-01,3.674060198039e+02,2.658926866748e+02,1.775904479189e+01,2.481336418829e+02,0.000000000000e+00,1.192126021794e+03
8.000000000000e+00,1.647887323944e+00,1.602402329445e-01,4.028376991369e+02,3.074550755539e+02,1.810726135644e+01,2.893478141975e+02,0.000000000000e+00,1.430922520800e+03
8.000000000000e+00,1.679577464789e+00,1.746349483728e-01,4.390254525889e+02,3.570250312725e+02,1.845547792099e+01,3.385695533515e+02,0.000000000000e+00,1.697492462331e+03
8.000000000000e+00,1.711267605634e+00,1.892476379871e-01,4.757611846473e+02,4.154779998811e+02,1.880369448553e+01,3.966743053955e+02,0.000000000000e+00,1.991539334297e+03
8.000000000000e+00,1.742957746479e+00,2.039851546288e-01,5.128107269864e+02,4.836681694195e+02,1.915191105008e+01,4.645162583695e+02,0.000000000000e+00,2.312018032131e+03
8.000000000000e+00,1.774647887324e+00,2.187444418669e-01,5.499149997565e+02,5.624033247301e+02,1.950012761463e+01,5.429031971154e+02,0.000000000000e+00,2.657045103023e+03
8.000000000000e+00,1.806338028169e+00,2.334135323763e-01,5.867925214666e+02,6.524172854033e+02,1.984834417917e+01,6.325689412241e+02,0.000000000000e+00,3.023835970578e+03
8.000000000000e+00,1.838028169014e+00,2.478724122047e-01,6.231415817192e+02,7.543406479391e+02,2.019656074372e+01,7.341440871954e+02,0.000000000000e+00,3.408660687238e+03
8.000000000000e+00,1.869718309859e+00,2.619946599007e-01,6.586443619132e+02,8.686708694770e+02,2.054477730827e+01,8.481260921688e+02,0.000000000000e+00,3.806846627598e+03
8.000000000000e+00,1.901408450704e+00,2.756490111351e-01,6.929708686426e+02,9.957429510875e+02,2.089299387281e+01,9.748499572146e+02,0.000000000000e+00,4.212813634037e+03
8.000000000000e+00,1.933098591549e+00,2.887014448643e-01,7.257841782277e+02,1.135702065063e+03,2.124121043736e+01,1.114460854626e+03,0.000000000000e+00,4.620161559097e+03
8.000000000000e+00,1.964788732394e+00,3.010174036026e-01,7.567460183951e+02,1.288479670300e+03,2.158942700191e+01,1.266890243298e+03,0.000000000000e+00,5.021802860270e+03
8.000000000000e+00,1.996478873239e+00,3.124642670155e-01,7.855229867933e+02,1.453774600433e+03,2.193764356645e+01,1.431836956867e+03,0.000000000000e+00,5.410143841479e+03
8.000000000000e+00,2.028169014085e+00,3.229138851166e-01,8.117929193525e+02,1.631040529853e+03,2.228586013100e+01,1.608754669722e+03,0.000000000000e+00,5.777305926368e+03
8.000000000000e+00,2.059859154930e+00,3.322452008724e-01,8.352514834093e+02,1.819481011867e+03,2.263407669555e+01,1.796846935172e+03,0.000000000000e+00,6.115382271850e+03
8.000000000000e+00,2.091549295775e+00,3.403469324112e-01,8.556189206760e+02,2.018053068685e+03,2.298229326010e+01,1.995070775425e+03,0.000000000000e+00,6.416720869562e+03
8.000000000000e+00,2.123239436620e+00,3.471199572086e-01,8.726460409907e+02,2.225479796622e+03,2.333050982464e+01,2.202149286797e+03,0.000000000000e+00,6.674210404644e+03
8.000000000000e+00,2.154929577465e+00,3.524797558784e-01,8.861203659109e+02,2.440272084911e+03,2.367872638919e+01,2.416593358521e+03,0.000000000000e+00,6.881569567366e+03
8.000000000000e+00,2.186619718310e+00,3.563582599163e-01,8.958707738702e+02,2.660758959091e+03,2.402694295374e+01,2.636732016137e+03,0.000000000000e+00,7.033602047553e+03
8.000000000000e+00,2.218309859155e+00,3.587056398392e-01,9.017719954907e+02,2.885147443016e+03,2.437515951828e+01,2.860750418526e+03,2.186497233679e-02,7.127804493546e+03
8.000000000000e+00,2.250000000000e+00,3.594915270805e-01,9.037476853801e+02,3.111641448695e+03,2.472337608283e+01,3.086734165165e+03,1.839074465679e-01,7.166483864806e+03
8.000000000000e+00,2.269771863834e+00,3.594914674759e-01,9.037475355363e+02,3.253454471978e+03,2.494063262747e+01,3.228036711446e+03,4.771279048961e-01,7.178448355201e+03
8.000000000000e+00,2.289543727669e+00,3.594915270805e-01,9.037476853801e+02,3.395407659031e+03,2.515788917211e+01,3.369339257727e+03,9.105121318421e-01,7.180661968580e+03
8.000000000000e+00,2.309315591503e+00,3.594914674759e-01,9.037475355363e+02,3.537382706286e+03,2.537514571674e+01,3.510641804008e+03,1.365756561600e+00,7.180659598713e+03
8.000000000000e+00,2.329087455338e+00,3.594915270805e-01,9.037476853801e+02,3.679357753541e+03,2.559240226138e+01,3.651944350288e+03,1.821000991357e+00,7.180661968580e+03
8.000000000000e+00,2.348859319172e+00,3.594914674759e-01,9.037475355363e+02,3.821332800796e+03,2.580965880602e+01,3.793246896569e+03,2.276245421115e+00,7.180659598713e+03
8.000000000000e+00,2.368631183006e+00,3.594914674759e-01,9.037475355363e+02,3.963307824623e+03,2.602691535066e+01,3.934549419422e+03,2.731489850873e+00,7.180659598713e+03
8.000000000000e+00,2.388403046841e+00,3.594914376736e-01,9.037474606144e+02,4.105282836736e+03,2.624417189530e+01,4.075851930560e+03,3.186734280630e+00,7.180658413780e+03
8.000000000000e+00,2.408174910675e+00,3.594914674759e-01,9.037475355363e+02,4.247257848849e+03,2.646142843994e+01,4.217154441698e+03,3.641978710388e+00,7.180659598713e+03
8.000000000000e+00,2.427946774510e+00,3.594914972782e-01,9.037476104582e+02,4.389232884390e+03,2.667868498457e+01,4.358456976265e+03,4.097223140146e+00,7.180660783646e+03
8.000000000000e+00,2.447718638344e+00,3.594914972782e-01,9.037476104582e+02,4.531207931645e+03,2.689594152921e+01,4.499759522546e+03,4.552467569903e+00,7.180660783646e+03
8.000000000000e+00,2.467490502178e+00,3.594914376736e-01,9.037474606144e+02,4.673182955472e+03,2.711319807385e+01,4.641062045398e+03,5.007711999661e+00,7.180658413780e+03
8.000000000000e+00,2.487262366013e+00,3.594915270805e-01,9.037476853801e+02,4.815157991013e+03,2.733045461849e+01,4.782364579965e+03,5.462956429419e+00,7.180661968580e+03
8.000000000000e+00,2.507034229847e+00,3.594914674759e-01,9.037475355363e+02,4.957133038268e+03,2.754771116313e+01,4.923667126246e+03,5.918200859176e+00,7.180659598713e+03
8.000000000000e+00,2.526806093681e+00,3.594914674759e-01,9.037475355363e+02,5.099108062095e+03,2.776496770777e+01,5.064969649098e+03,6.373445288934e+00,7.180659598713e+03
8.000000000000e+00,2.546577957516e+00,3.594914376736e-01,9.037474606144e+02,5.241083074208e+03,2.798222425240e+01,5.206272160236e+03,6.828689718692e+00,7.180658413780e+03
8.000000000000e+00,2.566349821350e+00,3.594914972782e-01,9.037476104582e+02,5.383058098034e+03,2.819948079704e+01,5.347574683089e+03,7.283934148449e+00,7.180660783646e+03
8.000000000000e+00,2.586121685185e+00,3.594914376736e-01,9.037474606144e+02,5.525033121861e+03,2.841673734168e+01,5.488877205941e+03,7.739178578207e+00,7.180658413780e+03
8.000000000000e+00,2.605893549019e+00,3.594914972782e-01,9.037476104582e+02,5.667008145688e+03,2.863399388632e+01,5.630179728794e+03,8.194423007965e+00,7.180660783646e+03
8.000000000000e+00,2.625665412853e+00,3.594914674759e-01,9.037475355363e+02,5.808983181229e+03,2.885125043096e+01,5.771482263361e+03,8.649667437722e+00,7.180659598713e+03
8.000000000000e+00,2.645437276688e+00,3.594914376736e-01,9.037474606144e+02,5.950958193342e+03,2.906850697560e+01,5.912784774499e+03,9.104911867480e+00,7.180658413780e+03
8.000000000000e+00,2.665209140522e+00,3.594914972782e-01,9.037476104582e+02,6.092933217169e+03,2.928576352023e+01,6.054087297351e+03,9.560156297238e+00,7.180660783646e+03
8.000000000000e+00,2.684981004357e+00,3.594914972782e-01,9.037476104582e+02,6.234908264424e+03,2.950302006487e+01,6.195389843632e+03,1.001540072700e+01,7.180660783646e+03
8.000000000000e+00,2.704752868191e+00,3.594914674759e-01,9.037475355363e+02,6.376883299965e+03,2.972027660951e+01,6.336692378199e+03,1.047064515675e+01,7.180659598713e+03
8.000000000000e+00,2.724524732025e+00,3.594914674759e-01,9.037475355363e+02,6.518858323792e+03,2.993753315415e+01,6.477994901051e+03,1.092588958651e+01,7.180659598713e+03
8.000000000000e+00,2.744296595860e+00,3.594914674759e-01,9.037475355363e+02,6.660833347619e+03,3.015478969879e+01,6.619297423904e+03,1.138113401627e+01,7.180659598713e+03
8.000000000000e+00,2.764068459694e+00,3.594914972782e-01,9.037476104582e+02,6.802808383160e+03,3.037204624342e+01,6.760599958470e+03,1.183637844603e+01,7.180660783646e+03
8.000000000000e+00,2.783840323529e+00,3.594914972782e-01,9.037476104582e+02,6.944783430415e+03,3.058930278806e+01,6.901902504751e+03,1.229162287578e+01,7.180660783646e+03
8.000000000000e+00,2.803612187363e+00,3.594914972782e-01,9.037476104582e+02,7.086758477670e+03,3.080655933270e+01,7.043205051032e+03,1.274686730554e+01,7.180660783646e+03
8.000000000000e+00,2.823384051197e+00,3.594914972782e-01,9.037476104582e+02,7.228733524925e+03,3.102381587734e+01,7.184507597313e+03,1.320211173530e+01,7.180660783646e+03
8.000000000000e+00,2.843155915032e+00,3.594914972782e-01,9.037476104582e+02,7.370708572181e+03,3.124107242198e+01,7.325810143594e+03,1.365735616506e+01,7.180660783646e+03
8.000000000000e+00,2.862927778866e+00,3.594914674759e-01,9.037475355363e+02,7.512683607722e+03,3.145832896662e+01,7.467112678160e+03,1.411260059481e+01,7.180659598713e+03
8.000000000000e+00,2.882699642700e+00,3.594914972782e-01,9.037476104582e+02,7.654658643263e+03,3.167558551125e+01,7.608415212727e+03,1.456784502457e+01,7.180660783646e+03
8.000000000000e+00,2.902471506535e+00,3.594914674759e-01,9.037475355363e+02,7.796633678804e+03,3.189284205589e+01,7.749717747293e+03,1.502308945433e+01,7.180659598713e+03
8.000000000000e+00,2.922243370369e+00,3.594914972782e-01,9.037476104582e+02,7.938608714345e+03,3.211009860053e+01,7.891020281860e+03,1.547833388409e+01,7.180660783646e+03
8.000000000000e+00,2.942015234204e+00,3.594914376736e-01,9.037474606144e+02,8.080583738172e+03,3.232735514517e+01,8.032322804713e+03,1.593357831385e+01,7.180658413780e+03
8.000000000000e+00,2.961787098038e+00,3.594914674759e-01,9.037475355363e+02,8.222558750284e+03,3.254461168981e+01,8.173625315851e+03,1.638882274360e+01,7.180659598713e+03
8.000000000000e+00,2.981558961872e+00,3.594915270805e-01,9.037476853801e+02,8.364533797539e+03,3.276186823445e+01,8.314927862132e+03,1.684406717336e+01,7.180661968580e+03
8.000000000000e+00,3.001330825707e+00,3.594914376736e-01,9.037474606144e+02,8.506508833081e+03,3.297912477908e+01,8.456230396698e+03,1.729931160312e+01,7.180658413780e+03
8.000000000000e+00,3.021102689541e+00,3.594915270805e-01,9.037476853801e+02,8.648483868622e+03,3.319638132372e+01,8.597532931265e+03,1.775455603288e+01,7.180661968580e+03
8.000000000000e+00,3.040874553376e+00,3.594914972782e-01,9.037476104582e+02,8.790458927591e+03,3.341363786836e+01,8.738835489260e+03,1.820980046263e+01,7.180660783646e+03
8.000000000000e+00,3.060646417210e+00,3.594914674759e-01,9.037475355363e+02,8.932433963132e+03,3.363089441300e+01,8.880138023827e+03,1.866504489239e+01,7.180659598713e+03
8.000000000000e+00,3.080418281044e+00,3.594914972782e-01,9.037476104582e+02,9.074408998673e+03,3.384815095764e+01,9.021440558393e+03,1.912028932215e+01,7.180660783646e+03
8.000000000000e+00,3.100190144879e+00,3.594914972782e-01,9.037476104582e+02,9.216384045928e+03,3.406540750228e+01,9.162743104674e+03,1.957553375191e+01,7.180660783646e+03
8.000000000000e+00,3.119962008713e+00,3.594915270805e-01,9.037476853801e+02,9.358359104898e+03,3.428266404691e+01,9.304045662669e+03,2.003077818166e+01,7.180661968580e+03
8.000000000000e+00,3.139733872548e+00,3.594914674759e-01,9.037475355363e+02,9.500334152153e+03,3.449992059155e+01,9.445348208950e+03,2.048602261142e+01,7.180659598713e+03
8.000000000000e+00,3.159505736382e+00,3.594915270805e-01,9.037476853801e+02,9.642309199408e+03,3.471717713619e+01,9.586650755231e+03,2.094126704118e+01,7.180661968580e+03
8.000000000000e+00,3.179277600216e+00,3.594914674759e-01,9.037475355363e+02,9.784284246663e+03,3.493443368083e+01,9.727953301511e+03,2.139651147094e+01,7.180659598713e+03
8.000000000000e+00,3.199049464051e+00,3.594914674759e-01,9.037475355363e+02,9.926259270490e+03,3.515169022547e+01,9.869255824364e+03,2.185175590069e+01,7.180659598713e+03
8.000000000000e+00,3.218821327885e+00,3.594915270805e-01,9.037476853801e+02,1.006823431775e+04,3.536894677011e+01,1.001055837064e+04,2.230700033045e+01,7.180661968580e+03
8.000000000000e+00,3.238593191720e+00,3.594914674759e-01,9.037475355363e+02,1.021020936500e+04,3.558620331474e+01,1.015186091693e+04,2.276224476021e+01,7.180659598713e+03
8.000000000000e+00,3.258365055554e+00,3.594914972782e-01,9.037476104582e+02,1.035218440054e+04,3.580345985938e+01,1.029316345149e+04,2.321748918997e+01,7.180660783646e+03
8.000000000000e+00,3.278136919388e+00,3.594914972782e-01,9.037476104582e+02,1.049415944780e+04,3.602071640402e+01,1.043446599777e+04,2.367273361973e+01,7.180660783646e+03
8.000000000000e+00,3.297908783223e+00,3.594914674759e-01,9.037475355363e+02,1.063613448334e+04,3.623797294866e+01,1.057576853234e+04,2.412797804948e+01,7.180659598713e+03
8.000000000000e+00,3.317680647057e+00,3.594914972782e-01,9.037476104582e+02,1.077810951888e+04,3.645522949330e+01,1.071707106691e+04,2.458322247924e+01,7.180660783646e+03
8.000000000000e+00,3.337452510891e+00,3.594914376736e-01,9.037474606144e+02,1.092008454271e+04,3.667248603794e+01,1.085837358976e+04,2.503846690900e+01,7.180658413780e+03
8.000000000000e+00,3.357224374726e+00,3.594914674759e-01,9.037475355363e+02,1.106205955482e+04,3.688974258257e+01,1.099967610090e+04,2.549371133876e+01,7.180659598713e+03
8.000000000000e+00,3.376996238560e+00,3.594915270805e-01,9.037476853801e+02,1.120403460207e+04,3.710699912721e+01,1.114097864718e+04,2.594895576851e+01,7.180661968580e+03
8.000000000000e+00,3.396768102395e+00,3.594914972782e-01,9.037476104582e+02,1.134600966104e+04,3.732425567185e+01,1.128228120517e+04,2.640420019827e+01,7.180660783646e+03
8.000000000000e+00,3.416539966229e+00,3.594915270805e-01,9.037476853801e+02,1.148798472001e+04,3.754151221649e+01,1.142358376317e+04,2.685944462803e+01,7.180661968580e+03
8.000000000000e+00,3.436311830063e+00,3.594914376736e-01,9.037474606144e+02,1.162995975555e+04,3.775876876113e+01,1.156488629773e+04,2.731468905779e+01,7.180658413780e+03
8.000000000000e+00,3.456083693898e+00,3.594914376736e-01,9.037474606144e+02,1.177193475595e+04,3.797602530576e+01,1.170618879716e+04,2.776993348754e+01,7.180658413780e+03
8.000000000000e+00,3.475855557732e+00,3.594914972782e-01,9.037476104582e+02,1.191390977978e+04,3.819328185040e+01,1.184749132001e+04,2.822517791730e+01,7.180660783646e+03
8.000000000000e+00,3.495627421567e+00,3.594914674759e-01,9.037475355363e+02,1.205588481532e+04,3.841053839504e+01,1.198879385458e+04,2.868042234706e+01,7.180659598713e+03
8.000000000000e+00,3.515399285401e+00,3.594915270805e-01,9.037476853801e+02,1.219785986257e+04,3.862779493968e+01,1.213009640086e+04,2.913566677682e+01,7.180661968580e+03
8.000000000000e+00,3.535171149235e+00,3.594915270805e-01,9.037476853801e+02,1.233983493326e+04,3.884505148432e+01,1.227139897057e+04,2.959091120658e+01,7.180661968580e+03
8.000000000000e+00,3.554943013070e+00,3.594914972782e-01,9.037476104582e+02,1.248180999223e+04,3.906230802896e+01,1.241270152856e+04,3.004615563633e+01,7.180660783646e+03
8.000000000000e+00,3.574714876904e+00,3.594914674759e-01,9.037475355363e+02,1.262378502777e+04,3.927956457359e+01,1.255400406313e+04,3.050140006609e+01,7.180659598713e+03
8.000000000000e+00,3.594486740739e+00,3.594914972782e-01,9.037476104582e+02,1.276576006331e+04,3.949682111823e+01,1.269530659770e+04,3.095664449585e+01,7.180660783646e+03
8.000000000000e+00,3.614258604573e+00,3.594914972782e-01,9.037476104582e+02,1.290773511057e+04,3.971407766287e+01,1.283660914398e+04,3.141188892561e+01,7.180660783646e+03
8.000000000000e+00,3.634030468407e+00,3.594915270805e-01,9.037476853801e+02,1.304971016953e+04,3.993133420751e+01,1.297791170197e+04,3.186713335536e+01,7.180661968580e+03
8.000000000000e+00,3.653802332242e+00,3.594915270805e-01,9.037476853801e+02,1.319168524022e+04,4.014859075215e+01,1.311921427168e+04,3.232237778512e+01,7.180661968580e+03
8.000000000000e+00,3.673574196076e+00,3.594915270805e-01,9.037476853801e+02,1.333366031090e+04,4.036584729679e+01,1.326051684139e+04,3.277762221488e+01,7.180661968580e+03
8.000000000000e+00,3.693346059910e+00,3.594915270805e-01,9.037476853801e+02,1.347563538159e+04,4.058310384142e+01,1.340181941110e+04,3.323286664464e+01,7.180661968580e+03
8.000000000000e+00,3.713117923745e+00,3.594914972782e-01,9.037476104582e+02,1.361761044055e+04,4.080036038606e+01,1.354312196909e+04,3.368811107439e+01,7.180660783646e+03
8.000000000000e+00,3.732889787579e+00,3.594914972782e-01,9.037476104582e+02,1.375958548781e+04,4.101761693070e+01,1.368442451537e+04,3.414335550415e+01,7.180660783646e+03
8.000000000000e+00,3.752661651414e+00,3.594914674759e-01,9.037475355363e+02,1.390156052335e+04,4.123487347534e+01,1.382572704994e+04,3.459859993391e+01,7.180659598713e+03
8.000000000000e+00,3.772433515248e+00,3.594914972782e-01,9.037476104582e+02,1.404353555889e+04,4.145213001998e+01,1.396702958451e+04,3.505384436367e+01,7.180660783646e+03
8.000000000000e+00,3.792205379082e+00,3.594915270805e-01,9.037476853801e+02,1.418551061786e+04,4.166938656462e+01,1.410833214250e+04,3.550908879342e+01,7.180661968580e+03
8.000000000000e+00,3.811977242917e+00,3.594915270805e-01,9.037476853801e+02,1.432748568854e+04,4.188664310925e+01,1.424963471221e+04,3.596433322318e+01,7.180661968580e+03
8.000000000000e+00,3.831749106751e+00,3.594914674759e-01,9.037475355363e+02,1.446946073580e+04,4.210389965389e+01,1.439093725849e+04,3.641957765294e+01,7.180659598713e+03
8.000000000000e+00,3.851520970586e+00,3.594914972782e-01,9.037476104582e+02,1.461143577134e+04,4.232115619853e+01,1.453223979306e+04,3.687482208270e+01,7.180660783646e+03
8.000000000000e+00,3.871292834420e+00,3.594914376736e-01,9.037474606144e+02,1.475341079517e+04,4.253841274317e+01,1.467354231591e+04,3.733006651246e+01,7.180658413780e+03
8.000000000000e+00,3.891064698254e+00,3.594914376736e-01,9.037474606144e+02,1.489538579557e+04,4.275566928781e+01,1.481484481534e+04,3.778531094221e+01,7.180658413780e+03
8.000000000000e+00,3.910836562089e+00,3.594915270805e-01,9.037476853801e+02,1.503736083111e+04,4.297292583245e+01,1.495614734990e+04,3.824055537197e+01,7.180661968580e+03
8.000000000000e+00,3.930608425923e+00,3.594914972782e-01,9.037476104582e+02,1.517933589008e+04,4.319018237708e+01,1.509744990790e+04,3.869579980173e+01,7.180660783646e+03
8.000000000000e+00,3.950380289758e+00,3.594915270805e-01,9.037476853801e+02,1.532131094905e+04,4.340743892172e+01,1.523875246589e+04,3.915104423149e+01,7.180661968580e+03
8.000000000000e+00,3.970152153592e+00,3.594914674759e-01,9.037475355363e+02,1.546328599630e+04,4.362469546636e+01,1.538005501217e+04,3.960628866124e+01,7.180659598713e+03
8.000000000000e+00,3.989924017426e+00,3.594914376736e-01,9.037474606144e+02,1.560526100841e+04,4.384195201100e+01,1.552135752331e+04,4.006153309100e+01,7.180658413780e+03
8.000000000000e+00,4.009695881261e+00,3.594914972782e-01,9.037476104582e+02,1.574723603224e+04,4.405920855564e+01,1.566266004616e+04,4.051677752076e+01,7.180660783646e+03
8.000000000000e+00,4.029467745095e+00,3.594914674759e-01,9.037475355363e+02,1.588921106778e+04,4.427646510027e+01,1.580396258073e+04,4.097202195052e+01,7.180659598713e+03
8.000000000000e+00,4.049239608930e+00,3.594914972782e-01,9.037476104582e+02,1.603118610332e+04,4.449372164491e+01,1.594526511530e+04,4.142726638027e+01,7.180660783646e+03
8.000000000000e+00,4.069011472764e+00,3.594914972782e-01,9.037476104582e+02,1.617316115058e+04,4.471097818955e+01,1.608656766158e+04,4.188251081003e+01,7.180660783646e+03
8.000000000000e+00,4.088783336598e+00,3.594914674759e-01,9.037475355363e+02,1.631513618612e+04,4.492823473419e+01,1.622787019615e+04,4.233775523979e+01,7.180659598713e+03
8.000000000000e+00,4.108555200433e+00,3.594915270805e-01,9.037476853801e+02,1.645711123337e+04,4.514549127883e+01,1.636917274243e+04,4.279299966955e+01,7.180661968580e+03
8.000000000000e+00,4.128327064267e+00,3.594914674759e-01,9.037475355363e+02,1.659908628063e+04,4.536274782347e+01,1.651047528871e+04,4.324824409931e+01,7.180659598713e+03
8.000000000000e+00,4.148098928101e+00,3.594914674759e-01,9.037475355363e+02,1.674106130446e+04,4.558000436810e+01,1.665177781156e+04,4.370348852906e+01,7.180659598713e+03
8.000000000000e+00,4.167870791936e+00,3.594915270805e-01,9.037476853801e+02,1.688303635171e+04,4.579726091274e+01,1.679308035784e+04,4.415873295882e+01,7.180661968580e+03
8.000000000000e+00,4.187642655770e+00,3.594914674759e-01,9.037475355363e+02,1.702501139897e+04,4.601451745738e+01,1.693438290412e+04,4.461397738858e+01,7.180659598713e+03
8.000000000000e+00,4.207414519605e+00,3.594915270805e-01,9.037476853801e+02,1.716698644622e+04,4.623177400202e+01,1.707568545040e+04,4.506922181834e+01,7.180661968580e+03
8.000000000000e+00,4.227186383439e+00,3.594914972782e-01,9.037476104582e+02,1.730896150519e+04,4.644903054666e+01,1.721698800840e+04,4.552446624809e+01,7.180660783646e+03
8.000000000000e+00,4.246958247273e+00,3.594914972782e-01,9.037476104582e+02,1.745093655245e+04,4.666628709130e+01,1.735829055468e+04,4.597971067785e+01,7.180660783646e+03
8.000000000000e+00,4.266730111108e+00,3.594914674759e-01,9.037475355363e+02,1.759291158799e+04,4.688354363593e+01,1.749959308924e+04,4.643495510761e+01,7.180659598713e+03
8.000000000000e+00,4.286501974942e+00,3.594914972782e-01,9.037476104582e+02,1.773488662353e+04,4.710080018057e+01,1.764089562381e+04,4.689019953737e+01,7.180660783646e+03
8.000000000000e+00,4.306273838777e+00,3.594915270805e-01,9.037476853801e+02,1.787686168250e+04,4.731805672521e+01,1.778219818181e+04,4.734544396712e+01,7.180661968580e+03
8.000000000000e+00,4.326045702611e+00,3.594914376736e-01,9.037474606144e+02,1.801883671804e+04,4.753531326985e+01,1.792350071637e+04,4.780068839688e+01,7.180658413780e+03
8.000000000000e+00,4.345817566445e+00,3.594915270805e-01,9.037476853801e+02,1.816081175358e+04,4.775256981449e+01,1.806480325094e+04,4.825593282664e+01,7.180661968580e+03
8.000000000000e+00,4.365589430280e+00,3.594914674759e-01,9.037475355363e+02,1.830278680084e+04,4.796982635913e+01,1.820610579722e+04,4.871117725640e+01,7.180659598713e+03
8.000000000000e+00,4.385361294114e+00,3.594914376736e-01,9.037474606144e+02,1.844476181295e+04,4.818708290376e+01,1.834740830836e+04,4.916642168615e+01,7.180658413780e+03
8.000000000000e+00,4.405133157949e+00,3.594914972782e-01,9.037476104582e+02,1.858673683677e+04,4.840433944840e+01,1.848871083121e+04,4.962166611591e+01,7.180660783646e+03
8.000000000000e+00,4.424905021783e+00,3.594914674759e-01,9.037475355363e+02,1.872871187232e+04,4.862159599304e+01,1.863001336578e+04,5.007691054567e+01,7.180659598713e+03
8.000000000000e+00,4.444676885617e+00,3.594914972782e-01,9.037476104582e+02,1.887068690786e+04,4.883885253768e+01,1.877131590034e+04,5.053215497543e+01,7.180660783646e+03
8.000000000000e+00,4.464448749452e+00,3.594914674759e-01,9.037475355363e+02,1.901266194340e+04,4.905610908232e+01,1.891261843491e+04,5.098739940519e+01,7.180659598713e+03
8.000000000000e+00,4.484220613286e+00,3.594914972782e-01,9.037476104582e+02,1.915463697894e+04,4.927336562696e+01,1.905392096948e+04,5.144264383494e+01,7.180660783646e+03
8.000000000000e+00,4.503992477120e+00,3.594914972782e-01,9.037476104582e+02,1.929661202619e+04,4.949062217159e+01,1.919522351576e+04,5.189788826470e+01,7.180660783646e+03
8.000000000000e+00,4.523764340955e+00,3.594914972782e-01,9.037476104582e+02,1.943858707345e+04,4.970787871623e+01,1.933652606204e+04,5.235313269446e+01,7.180660783646e+03
8.000000000000e+00,4.543536204789e+00,3.594914972782e-01,9.037476104582e+02,1.958056212070e+04,4.992513526087e+01,1.947782860832e+04,5.280837712422e+01,7.180660783646e+03
8.000000000000e+00,4.563308068624e+00,3.594914972782e-01,9.037476104582e+02,1.972253716796e+04,5.014239180551e+01,1.961913115460e+04,5.326362155397e+01,7.180660783646e+03
8.000000000000e+00,4.583079932458e+00,3.594914674759e-01,9.037475355363e+02,1.986451220350e+04,5.035964835015e+01,1.976043368917e+04,5.371886598373e+01,7.180659598713e+03
8.000000000000e+00,4.602851796292e+00,3.594914674759e-01,9.037475355363e+02,2.000648722733e+04,5.057690489479e+01,1.990173621202e+04,5.417411041349e+01,7.180659598713e+03
8.000000000000e+00,4.622623660127e+00,3.594914674759e-01,9.037475355363e+02,2.014846225115e+04,5.079416143942e+01,2.004303873487e+04,5.462935484325e+01,7.180659598713e+03
8.000000000000e+00,4.642395523961e+00,3.594914972782e-01,9.037476104582e+02,2.029043728670e+04,5.101141798406e+01,2.018434126944e+04,5.508459927300e+01,7.180660783646e+03
8.000000000000e+00,4.662167387796e+00,3.594914972782e-01,9.037476104582e+02,2.043241233395e+04,5.122867452870e+01,2.032564381572e+04,5.553984370276e+01,7.180660783646e+03
8.000000000000e+00,4.681939251630e+00,3.594914376736e-01,9.037474606144e+02,2.057438735778e+04,5.144593107334e+01,2.046694633857e+04,5.599508813252e+01,7.180658413780e+03
8.000000000000e+00,4.701711115464e+00,3.594914674759e-01,9.037475355363e+02,2.071636236989e+04,5.166318761798e+01,2.060824884971e+04,5.645033256228e+01,7.180659598713e+03
8.000000000000e+00,4.721482979299e+00,3.594914972782e-01,9.037476104582e+02,2.085833740543e+04,5.188044416261e+01,2.074955138428e+04,5.690557699204e+01,7.180660783646e+03
8.000000000000e+00,4.741254843133e+00,3.594914376736e-01,9.037474606144e+02,2.100031242926e+04,5.209770070725e+01,2.089085390713e+04,5.736082142179e+01,7.180658413780e+03
8.000000000000e+00,4.761026706968e+00,3.594914972782e-01,9.037476104582e+02,2.114228745309e+04,5.231495725189e+01,2.103215642998e+04,5.781606585155e+01,7.180660783646e+03
8.000000000000e+00,4.780798570802e+00,3.594914376736e-01,9.037474606144e+02,2.128426247691e+04,5.253221379653e+01,2.117345895283e+04,5.827131028131e+01,7.180658413780e+03
8.000000000000e+00,4.800570434636e+00,3.594914674759e-01,9.037475355363e+02,2.142623748902e+04,5.274947034117e+01,2.131476146397e+04,5.872655471107e+01,7.180659598713e+03
8.000000000000e+00,4.820342298471e+00,3.594914674759e-01,9.037475355363e+02,2.156821251285e+04,5.296672688581e+01,2.145606398683e+04,5.918179914082e+01,7.180659598713e+03
8.000000000000e+00,4.840114162305e+00,3.594915270805e-01,9.037476853801e+02,2.171018756011e+04,5.318398343044e+01,2.159736653311e+04,5.963704357058e+01,7.180661968580e+03
8.000000000000e+00,4.859886026140e+00,3.594914376736e-01,9.037474606144e+02,2.185216259565e+04,5.340123997508e+01,2.173866906767e+04,6.009228800034e+01,7.180658413780e+03
8.000000000000e+00,4.879657889974e+00,3.594914972782e-01,9.037476104582e+02,2.199413761947e+04,5.361849651972e+01,2.187997159052e+04,6.054753243010e+01,7.180660783646e+03
8.000000000000e+00,4.899429753808e+00,3.594914972782e-01,9.037476104582e+02,2.213611266673e+04,5.383575306436e+01,2.202127413681e+04,6.100277685985e+01,7.180660783646e+03
8.000000000000e+00,4.919201617643e+00,3.594914674759e-01,9.037475355363e+02,2.227808770227e+04,5.405300960900e+01,2.216257667137e+04,6.145802128961e+01,7.180659598713e+03
8.000000000000e+00,4.938973481477e+00,3.594914376736e-01,9.037474606144e+02,2.242006271438e+04,5.427026615364e+01,2.230387918251e+04,6.191326571937e+01,7.180658413780e+03
8.000000000000e+00,4.958745345311e+00,3.594914674759e-01,9.037475355363e+02,2.256203772650e+04,5.448752269827e+01,2.244518169365e+04,6.236851014913e+01,7.180659598713e+03
8.000000000000e+00,4.978517209146e+00,3.594914674759e-01,9.037475355363e+02,2.270401275032e+04,5.470477924291e+01,2.258648421650e+04,6.282375457888e+01,7.180659598713e+03
8.000000000000e+00,4.998289072980e+00,3.594915270805e-01,9.037476853801e+02,2.284598779758e+04,5.492203578755e+01,2.272778676278e+04,6.327899900864e+01,7.180661968580e+03
8.000000000000e+00,5.018060936815e+00,3.594914674759e-01,9.037475355363e+02,2.298796284483e+04,5.513929233219e+01,2.286908930906e+04,6.373424343840e+01,7.180659598713e+03
8.000000000000e+00,5.037832800649e+00,3.594915270805e-01,9.037476853801e+02,2.312993789209e+04,5.535654887683e+01,2.301039185534e+04,6.418948786816e+01,7.180661968580e+03
8.000000000000e+00,5.057604664483e+00,3.594914674759e-01,9.037475355363e+02,2.327189107914e+04,5.557380542147e+01,2.315169440162e+04,6.462287209510e+01,7.178448355201e+03
8.000000000000e+00,5.077376528318e+00,3.594915270805e-01,9.037476853801e+02,2.341370410243e+04,5.579106196610e+01,2.329299694791e+04,6.491609255343e+01,7.166483864806e+03
8.000000000000e+00,5.109066669163e+00,3.587056398392e-01,9.017719954907e+02,2.364019810810e+04,5.613927853065e+01,2.351898069454e+04,6.507813502766e+01,7.127804493546e+03
8.000000000000e+00,5.140756810008e+00,3.563582599163e-01,8.958707738702e+02,2.386458659203e+04,5.648749509520e+01,2.374299909693e+04,6.510000000000e+01,7.033602047553e+03
8.000000000000e+00,5.172446950853e+00,3.524797558784e-01,8.861203659109e+02,2.408507346621e+04,5.683571165974e+01,2.396313775455e+04,6.510000000000e+01,6.881569567366e+03
8.000000000000e+00,5.204137091698e+00,3.471199572086e-01,8.726460409907e+02,2.429986575450e+04,5.718392822429e+01,2.417758182627e+04,6.510000000000e+01,6.674210404644e+03
8.000000000000e+00,5.235827232543e+00,3.403469324112e-01,8.556189206760e+02,2.450729248243e+04,5.753214478884e+01,2.438466033765e+04,6.510000000000e+01,6.416720869562e+03
8.000000000000e+00,5.267517373388e+00,3.322452008724e-01,8.352514834093e+02,2.470586453925e+04,5.788036135339e+01,2.458288417790e+04,6.510000000000e+01,6.115382271850e+03
8.000000000000e+00,5.299207514233e+00,3.229138851166e-01,8.117929193525e+02,2.489430502127e+04,5.822857791793e+01,2.477097644335e+04,6.510000000000e+01,5.777305926368e+03
8.000000000000e+00,5.330897655078e+00,3.124642670155e-01,7.855229867933e+02,2.507157095069e+04,5.857679448248e+01,2.494789415620e+04,6.510000000000e+01,5.410143841479e+03
8.000000000000e+00,5.362587795923e+00,3.010174036026e-01,7.567460183951e+02,2.523686588082e+04,5.892501104703e+01,2.511284086977e+04,6.510000000000e+01,5.021802860270e+03
8.000000000000e+00,5.394277936769e+00,2.887014448643e-01,7.257841782277e+02,2.538964348606e+04,5.927322761157e+01,2.526527025844e+04,6.510000000000e+01,4.620161559097e+03
8.000000000000e+00,5.425968077614e+00,2.756490111351e-01,6.929708686426e+02,2.552960260003e+04,5.962144417612e+01,2.540488115586e+04,6.510000000000e+01,4.212813634037e+03
8.000000000000e+00,5.457658218459e+00,2.619946599007e-01,6.586443619132e+02,2.565667468164e+04,5.996966074067e+01,2.553160502090e+04,6.510000000000e+01,3.806846627598e+03
8.000000000000e+00,5.489348359304e+00,2.478724122047e-01,6.231415817192e+02,2.577100490318e+04,6.031787730521e+01,2.564558702588e+04,6.510000000000e+01,3.408660687238e+03
8.000000000000e+00,5.521038500149e+00,2.334135323763e-01,5.867925214666e+02,2.587292826572e+04,6.066609386976e+01,2.574716217185e+04,6.510000000000e+01,3.023835970578e+03
8.000000000000e+00,5.552728640994e+00,2.187444418669e-01,5.499149997565e+02,2.596294222639e+04,6.101431043431e+01,2.583682791596e+04,6.510000000000e+01,2.657045103023e+03
8.000000000000e+00,5.584418781839e+00,2.039851546288e-01,5.128107269864e+02,2.604167738170e+04,6.136252699885e+01,2.591521485470e+04,6.510000000000e+01,2.312018032131e+03
8.000000000000e+00,5.616108922684e+00,1.892476379871e-01,4.757611846473e+02,2.610986755124e+04,6.171074356340e+01,2.598305680768e+04,6.510000000000e+01,1.991539334297e+03
8.000000000000e+00,5.647799063529e+00,1.746349483728e-01,4.390254525889e+02,2.616832051985e+04,6.205896012795e+01,2.604116155972e+04,6.510000000000e+01,1.697492462331e+03
8.000000000000e+00,5.679489204374e+00,1.602402329445e-01,4.028376991369e+02,2.621789047557e+04,6.240717669249e+01,2.609038329887e+04,6.510000000000e+01,1.430922520800e+03
8.000000000000e+00,5.711179345219e+00,1.461462676525e-01,3.674060198039e+02,2.625945286444e+04,6.275539325704e+01,2.613159747119e+04,6.510000000000e+01,1.192126021794e+03
8.000000000000e+00,5.742869486064e+00,1.324253529310e-01,3.329121750629e+02,2.629388232018e+04,6.310360982159e+01,2.616567871036e+04,6.510000000000e+01,9.807551848174e+02
8.000000000000e+00,5.774559626909e+00,1.191391274333e-01,2.995111220853e+02,2.632203392143e+04,6.345182638614e+01,2.619348209504e+04,6.510000000000e+01,7.959236493598e+02
8.000000000000e+00,5.806249767754e+00,1.063388809562e-01,2.673318014211e+02,2.634472789475e+04,6.380004295068e+01,2.621582785180e+04,6.510000000000e+01,6.363182225944e+02
8.000000000000e+00,5.837939908599e+00,9.406603872776e-02,2.364783544788e+02,2.636273778201e+04,6.414825951523e+01,2.623348952250e+04,6.510000000000e+01,5.003057733468e+02
8.000000000000e+00,5.869630049445e+00,8.235255628824e-02,2.070311162409e+02,2.637678182912e+04,6.449647607978e+01,2.624718535304e+04,6.510000000000e+01,3.860296442025e+02
8.000000000000e+00,5.901320190290e+00,7.122163474560e-02,1.790484133883e+02,2.638751731175e+04,6.484469264432e+01,2.625757261910e+04,6.510000000000e+01,2.914985925956e+02
8.000000000000e+00,5.933010331135e+00,6.068852916360e-02,1.525685965568e+02,2.639553748516e+04,6.519290920887e+01,2.626524457595e+04,6.510000000000e+01,2.146634628818e+02
8.000000000000e+00,5.964700471980e+00,5.076117813587e-02,1.276116230611e+02,2.640137073669e+04,6.554112577342e+01,2.627072961092e+04,6.510000000000e+01,1.534795226254e+02
8.000000000000e+00,5.996390612825e+00,4.144110530615e-02,1.041813232823e+02,2.640548154985e+04,6.588934233796e+01,2.627449220751e+04,6.510000000000e+01,1.059584632054e+02
8.000000000000e+00,6.028080753670e+00,3.272423148155e-02,8.226744228848e+01,2.640827291309e+04,6.623755890251e+01,2.627693535419e+04,6.510000000000e+01,7.020757267894e+01
8.000000000000e+00,6.059770894515e+00,2.460156939924e-02,6.184738645119e+01,2.641008979376e+04,6.658577546706e+01,2.627840401830e+04,6.510000000000e+01,4.445778524280e+01
8.000000000000e+00,6.091461035360e+00,1.706004515290e-02,4.288828847964e+01,2.641122336196e+04,6.693399203160e+01,2.627918936993e+04,6.510000000000e+01,2.708296342416e+01
8.000000000000e+00,6.123151176205e+00,1.008315756917e-02,2.534866506720e+01,2.641191568831e+04,6.728220859615e+01,2.627953347972e+04,6.510000000000e+01,1.661052182895e+01
8.000000000000e+00,6.154841317050e+00,3.651731414720e-03,9.180310424796e+00,2.641236467617e+04,6.763042516070e+01,2.627963425101e+04,6.510000000000e+01,1.172560051851e+01
8.000000000000e+00,6.186531457895e+00,2.255634870380e-03,5.670578134967e+00,2.641272903559e+04,6.797864172525e+01,2.627965039386e+04,6.510000000000e+01,1.126952739129e+01
8.000000000000e+00,6.218221598740e+00,7.661926094443e-03,1.926178352419e+01,2.641313314965e+04,6.832685828979e+01,2.627970629136e+04,6.510000000000e+01,1.423455981259e+01
8.000000000000e+00,6.249911739585e+00,1.259125582874e-02,3.165392632105e+01,2.641367172317e+04,6.867507485434e+01,2.627989664832e+04,6.510000000000e+01,1.975541384889e+01
8.000000000000e+00,6.281601880430e+00,1.706844940782e-02,4.290941644887e+01,2.641441413189e+04,6.902329141889e+01,2.628029084047e+04,6.510000000000e+01,2.709882482277e+01
8.000000000000e+00,6.313292021276e+00,2.111868374050e-02,5.309154767498e+01,2.641540842155e+04,6.937150798343e+01,2.628093691357e+04,6.510000000000e+01,3.565190095002e+01
8.000000000000e+00,6.344982162121e+00,2.476712688804e-02,6.226359152427e+01,2.641668492693e+04,6.971972454798e+01,2.628186520239e+04,6.510000000000e+01,4.490977190606e+01
8.000000000000e+00,6.376672302966e+00,2.803875878453e-02,7.048834657729e+01,2.641825950308e+04,7.006794111253e+01,2.628309156197e+04,6.510000000000e+01,5.446347842592e+01
8.000000000000e+00,6.408362443811e+00,3.095809742808e-02,7.782745012550e+01,2.642013637347e+04,7.041615767707e+01,2.628462021579e+04,6.510000000000e+01,6.398789708700e+01
8.000000000000e+00,6.440052584656e+00,3.354903310537e-02,8.434096141834e+01,2.642231060701e+04,7.076437424162e+01,2.628644623277e+04,6.510000000000e+01,7.323039766142e+01
8.000000000000e+00,6.471742725501e+00,3.583468869328e-02,9.008701046692e+01,2.642477024795e+04,7.111259080617e+01,2.628855765715e+04,6.510000000000e+01,8.200027487800e+01
8.000000000000e+00,6.503432866346e+00,3.783732652664e-02,9.512156391314e+01,2.642749812611e+04,7.146080737071e+01,2.629093731874e+04,6.510000000000e+01,9.015914645913e+01
8.000000000000e+00,6.535123007191e+00,3.957823663950e-02,9.949814407270e+01,2.643047337510e+04,7.180902393526e+01,2.629356435116e+04,6.510000000000e+01,9.761212304464e+01
8.000000000000e+00,6.566813148036e+00,4.107772186399e-02,1.032677914741e+02,2.643367269069e+04,7.215724049981e+01,2.629641545019e+04,6.510000000000e+01,1.043002387624e+02
8.000000000000e+00,6.598503288881e+00,4.235503450036e-02,1.064789056498e+02,2.643707135978e+04,7.250545706435e+01,2.629946590272e+04,6.510000000000e+01,1.101935439462e+02
8.000000000000e+00,6.630193429726e+00,4.342838004231e-02,1.091772545011e+02,2.644064408802e+04,7.285367362890e+01,2.630269041439e+04,6.510000000000e+01,1.152853050263e+02
8.000000000000e+00,6.661883570571e+00,4.431489855051e-02,1.114059274724e+02,2.644436565422e+04,7.320189019345e+01,2.630606376403e+04,6.510000000000e+01,1.195868730628e+02
8.000000000000e+00,6.693573711416e+00,4.503069445491e-02,1.132054104729e+02,2.644821141695e+04,7.355010675800e+01,2.630956131019e+04,6.510000000000e+01,1.231234855509e+02
8.000000000000e+00,6.725263852261e+00,4.559082537889e-02,1.146135577808e+02,2.645215769503e+04,7.389832332254e+01,2.631315937171e+04,6.510000000000e+01,1.259305088856e+02
8.000000000000e+00,6.756953993107e+00,4.600936919451e-02,1.156657606175e+02,2.645618204420e+04,7.424653988709e+01,2.631683550431e+04,6.510000000000e+01,1.280506387162e+02
8.000000000000e+00,6.788644133952e+00,4.629943147302e-02,1.163949658785e+02,2.646026344836e+04,7.459475645164e+01,2.632056869191e+04,6.510000000000e+01,1.295313128642e+02
8.000000000000e+00,6.820334274797e+00,4.647319391370e-02,1.168317978808e+02,2.646438243912e+04,7.494297301618e+01,2.632433946611e+04,6.510000000000e+01,1.304227708634e+02
8.000000000000e+00,6.852024415642e+00,4.654195159674e-02,1.170046520156e+02,2.646852115905e+04,7.529118958073e+01,2.632812996947e+04,6.510000000000e+01,1.307764423393e+02
8.000000000000e+00,6.883714556487e+00,4.651615023613e-02,1.169397884008e+02,2.647266337907e+04,7.563940614528e+01,2.633192397293e+04,6.510000000000e+01,1.306436656212e+02
8.000000000000e+00,6.915404697332e+00,4.640545323491e-02,1.166615004550e+02,2.647679448218e+04,7.598762270982e+01,2.633570685947e+04,6.510000000000e+01,1.300748419215e+02
8.000000000000e+00,6.947094838177e+00,4.621875658631e-02,1.161921523582e+02,2.648090141988e+04,7.633583927437e+01,2.633946558061e+04,6.510000000000e+01,1.291185595072e+02
8.000000000000e+00,6.978784979022e+00,4.596425965428e-02,1.155523569919e+02,2.648497264855e+04,7.668405583892e+01,2.634318859271e+04,6.510000000000e+01,1.278212052037e+02
8.000000000000e+00,7.010475119867e+00,4.564949125051e-02,1.147610414951e+02,2.648899805253e+04,7.703227240346e+01,2.634686578013e+04,6.510000000000e+01,1.262265127920e+02
8.000000000000e+00,7.042165260712e+00,4.528136178851e-02,1.138355783781e+02,2.649296885721e+04,7.738048896801e+01,2.635048836824e+04,6.510000000000e+01,1.243753825638e+02
8.000000000000e+00,7.073855401557e+00,4.486620053649e-02,1.127918791743e+02,2.649687753693e+04,7.772870553256e+01,2.635404883139e+04,6.510000000000e+01,1.223057372150e+02
8.000000000000e+00,7.105545542402e+00,4.440980404615e-02,1.116445161888e+02,2.650071772065e+04,7.807692209710e+01,2.635754079856e+04,6.510000000000e+01,1.200525246045e+02
8.000000000000e+00,7.137235683247e+00,4.391745105386e-02,1.104067599591e+02,2.650448409631e+04,7.842513866165e+01,2.636095895764e+04,6.510000000000e+01,1.176476277888e+02
8.000000000000e+00,7.168925824092e+00,4.339396953583e-02,1.090907478291e+02,2.650817231720e+04,7.877335522620e+01,2.636429896197e+04,6.510000000000e+01,1.151200906897e+02
8.000000000000e+00,7.200615964937e+00,4.284375905991e-02,1.077075401410e+02,2.651177891282e+04,7.912157179075e+01,2.636755734103e+04,6.510000000000e+01,1.124961664261e+02
8.000000000000e+00,7.232306105783e+00,4.227080941200e-02,1.062671670609e+02,2.651530120151e+04,7.946978835529e+01,2.637073141316e+04,6.510000000000e+01,1.097993866054e+02
8.000000000000e+00,7.263996246628e+00,4.167874902487e-02,1.047787503273e+02,2.651873720798e+04,7.981800491984e+01,2.637381920306e+04,6.510000000000e+01,1.070507991993e+02
8.000000000000e+00,7.295686387473e+00,4.107087105513e-02,1.032505688077e+02,2.652208558693e+04,8.016622148439e+01,2.637681936544e+04,6.510000000000e+01,1.042691167902e+02
8.000000000000e+00,7.327376528318e+00,4.045015200973e-02,1.016901053244e+02,2.652534555112e+04,8.051443804893e+01,2.637973111307e+04,6.510000000000e+01,1.014708454558e+02
1.000000000000e+01,0.000000000000e+00,5.056269001216e-02,1.271126316555e+02,0.000000000000e+00,0.000000000000e+00,0.000000000000e+00,0.000000000000e+00,1.523673520039e+02
1.000000000000e+01,3.169014084507e-02,5.133858881891e-02,1.290632110096e+02,4.897822230124e+00,3.482165645469e-01,4.549605665577e+00,0.000000000000e+00,1.567396509639e+02
1.000000000000e+01,6.338028169014e-02,5.209843628109e-02,1.309734379092e+02,9.933792522781e+00,6.964331290938e-01,9.237359393687e+00,0.000000000000e+00,1.610860297282e+02
1.000000000000e+01,9.507042253521e-02,5.283851176500e-02,1.328339588261e+02,1.510668080712e+01,1.044649693641e+00,1.406203111348e+01,0.000000000000e+00,1.653806975503e+02
1.000000000000e+01,1.267605633803e-01,5.355469882488e-02,1.346344251762e+02,2.041438507144e+01,1.392866258188e+00,1.902151881326e+01,0.000000000000e+00,1.695944160201e+02
1.000000000000e+01,1.584507042254e-01,5.424246191978e-02,1.363634347864e+02,2.585381891531e+01,1.741082822734e+00,2.411273609258e+01,0.000000000000e+00,1.736942976820e+02
1.000000000000e+01,1.901408450704e-01,5.489681381732e-02,1.380084499489e+02,3.142079224055e+01,2.089299387281e+00,2.933149285327e+01,0.000000000000e+00,1.776435743993e+02
1.000000000000e+01,2.218309859155e-01,5.551225505769e-02,1.395556452361e+02,3.710988238255e+01,2.437515951828e+00,3.467236643072e+01,0.000000000000e+00,1.814012256739e+02
1.000000000000e+01,2.535211267606e-01,5.608275067061e-02,1.409898489679e+02,4.291429763689e+01,2.785732516375e+00,4.012856512051e+01,0.000000000000e+00,1.849218703778e+02
1.000000000000e+01,2.852112676056e-01,5.660170223564e-02,1.422944729726e+02,4.882573787371e+01,3.133949080922e+00,4.569178879279e+01,0.000000000000e+00,1.881556912352e+02
1.000000000000e+01,3.169014084507e-01,5.706186406314e-02,1.434513018689e+02,5.483424836855e+01,3.482165645469e+00,5.135208272308e+01,0.000000000000e+00,1.910480822169e+02
1.000000000000e+01,3.485915492958e-01,5.745532456785e-02,1.444404462399e+02,6.092807027338e+01,3.830382210016e+00,5.709768806337e+01,0.000000000000e+00,1.935397891101e+02
1.000000000000e+01,3.802816901408e-01,5.777344573289e-02,1.452401904478e+02,6.709349324675e+01,4.178598774563e+00,6.291489447219e+01,0.000000000000e+00,1.955669052093e+02
1.000000000000e+01,4.119718309859e-01,5.800681654364e-02,1.458268755687e+02,7.331471158341e+01,4.526815339110e+00,6.878789624430e+01,0.000000000000e+00,1.970610964816e+02
1.000000000000e+01,4.436619718310e-01,5.814518779516e-02,1.461747355011e+02,7.957368837909e+01,4.875031903657e+00,7.469865647543e+01,0.000000000000e+00,1.979498835125e+02
1.000000000000e+01,4.753521126761e-01,5.817743949592e-02,1.462558150195e+02,8.585003534356e+01,5.223248468203e+00,8.062678687536e+01,0.000000000000e+00,1.981573471344e+02
1.000000000000e+01,5.070422535211e-01,5.809149239212e-02,1.460397473510e+02,9.212091341273e+01,5.571465032750e+00,8.654944837998e+01,0.000000000000e+00,1.976047354534e+02
1.000000000000e+01,5.387323943662e-01,5.787428934127e-02,1.454937073481e+02,9.836096466281e+01,5.919681597297e+00,9.244128306552e+01,0.000000000000e+00,1.962118323296e+02
1.000000000000e+01,5.704225352113e-01,5.751171149313e-02,1.445822007719e+02,1.045422868490e+02,6.267898161844e+00,9.827438868711e+01,0.000000000000e+00,1.938982789734e+02
1.000000000000e+01,6.021126760563e-01,5.698853172362e-02,1.432669472260e+02,1.106344606091e+02,6.616114726391e+00,1.040183458827e+02,0.000000000000e+00,1.905855761131e+02
1.000000000000e+01,6.338028169014e-01,5.628836806864e-02,1.415067630911e+02,1.166046482929e+02,6.964331290938e+00,1.096403170020e+02,0.000000000000e+00,1.861996021525e+02
1.000000000000e+01,6.654929577465e-01,5.539362318814e-02,1.392574093405e+02,1.224177807324e+02,7.312547855485e+00,1.151052328769e+02,0.000000000000e+00,1.806736451399e+02
1.000000000000e+01,6.971830985915e-01,5.428547505289e-02,1.364715681263e+02,1.280368561057e+02,7.660764420032e+00,1.203760916856e+02,0.000000000000e+00,1.739524450829e+02
1.000000000000e+01,7.288732394366e-01,5.294379312545e-02,1.330986320622e+02,1.334233721643e+02,8.008980984579e+00,1.254143911797e+02,0.000000000000e+00,1.659965683952e+02
1.000000000000e+01,7.605633802817e-01,5.134715232998e-02,1.290847393426e+02,1.385379208033e+02,8.357197549126e+00,1.301807232542e+02,0.000000000000e+00,1.567882790456e+02
1.000000000000e+01,7.922535211268e-01,4.947279579937e-02,1.243726800909e+02,1.433409795983e+02,8.705414113672e+00,1.346355654846e+02,0.000000000000e+00,1.463380982366e+02
1.000000000000e+01,8.239436619718e-01,4.729665815830e-02,1.189019548914e+02,1.477939343254e+02,9.053630678219e+00,1.387403036472e+02,0.000000000000e+00,1.346928223217e+02
1.000000000000e+01,8.556338028169e-01,4.479336086661e-02,1.126087630836e+02,1.518603721250e+02,9.401847242766e+00,1.424585248823e+02,0.000000000000e+00,1.219445854762e+02
1.000000000000e+01,8.873239436620e-01,4.193629138172e-02,1.054262017729e+02,1.555076892733e+02,9.750063807313e+00,1.457576254660e+02,0.000000000000e+00,1.082416523253e+02
1.000000000000e+01,9.190140845070e-01,3.869762178510e-02,9.728431265688e+01,1.587090573675e+02,1.009828037186e+01,1.486107769957e+02,0.000000000000e+00,9.380024517773e+01
1.000000000000e+01,9.507042253521e-01,3.504844848067e-02,8.811043322161e+01,1.614457955291e+02,1.044649693641e+01,1.509992985927e+02,0.000000000000e+00,7.891834101980e+01
1.000000000000e+01,9.823943661972e-01,3.095890861005e-02,7.782948940533e+01,1.637101989454e+02,1.079471350095e+01,1.529154854444e+02,0.000000000000e+00,6.399067458251e+01
1.000000000000e+01,1.014084507042e+00,2.639835467562e-02,6.636443459372e+01,1.655088667837e+02,1.114293006550e+01,1.543659367182e+02,0.000000000000e+00,4.952525121369e+01
1.000000000000e+01,1.045774647887e+00,2.133556175977e-02,5.363677056109e+01,1.668665725738e+02,1.149114663005e+01,1.553754259438e+02,0.000000000000e+00,3.616106976488e+01
1.000000000000e+01,1.077464788732e+00,1.573906978592e-02,3.956740790132e+01,1.678307143678e+02,1.183936319459e+01,1.559913511732e+02,0.000000000000e+00,2.468699011818e+01
1.000000000000e+01,1.109154929577e+00,9.577407618053e-03,2.407722940524e+01,1.684763636851e+02,1.218757975914e+01,1.562887839259e+02,0.000000000000e+00,1.606065568646e+01
1.000000000000e+01,1.140845070423e+00,2.819543587975e-03,7.088222668708e+00,1.689119200828e+02,1.253579632369e+01,1.563761237592e+02,0.000000000000e+00,1.142779252818e+01
1.000000000000e+01,1.172535211268e+00,4.564664268401e-03,1.147538803099e+01,1.692853598608e+02,1.288401288824e+01,1.564013469725e+02,0.000000000000e+00,1.214040678947e+01
1.000000000000e+01,1.204225352113e+00,1.260394696146e-02,3.168583133400e+01,1.697910315652e+02,1.323222945278e+01,1.565588021125e+02,0.000000000000e+00,1.977309633703e+01
1.000000000000e+01,1.235915492958e+00,2.132505644113e-02,5.361036059955e+01,1.706769196709e+02,1.358044601733e+01,1.570964736535e+02,0.000000000000e+00,3.613628632954e+01
1.000000000000e+01,1.267605633803e+00,3.075196174905e-02,7.730923306399e+01,1.722522481669e+02,1.392866258188e+01,1.583235855850e+02,0.000000000000e+00,6.328444542117e+01
1.000000000000e+01,1.299295774648e+00,4.090528935194e-02,1.028343028606e+02,1.748952523983e+02,1.427687914642e+01,1.606183732518e+02,0.000000000000e+00,1.035184882901e+02
1.000000000000e+01,1.330985915493e+00,5.180138163269e-02,1.302266541029e+02,1.790608856505e+02,1.462509571097e+01,1.644357899395e+02,0.000000000000e+00,1.593792547377e+02
1.000000000000e+01,1.362676056338e+00,6.345147266984e-02,1.595145288264e+02,1.852881593888e+02,1.497331227552e+01,1.703148471133e+02,0.000000000000e+00,2.336309100815e+02
1.000000000000e+01,1.394366197183e+00,7.586066145450e-02,1.907107456959e+02,1.942067430883e+02,1.532152884006e+01,1.788852142482e+02,0.000000000000e+00,3.292308167321e+02
1.000000000000e+01,1.426056338028e+00,8.902704343200e-02,2.238105167354e+02,2.065423922305e+02,1.566974540461e+01,1.908726468259e+02,0.000000000000e+00,4.492857069099e+02
1.000000000000e+01,1.457746478873e+00,1.029406953603e-01,2.587888953011e+02,2.231207120150e+02,1.601796196916e+01,2.071027500459e+02,0.000000000000e+00,5.969904750458e+02
1.000000000000e+01,1.489436619718e+00,1.175825484097e-01,2.955979430985e+02,2.448686638054e+02,1.636617853370e+01,2.285024852717e+02,0.000000000000e+00,7.755469268337e+02
1.000000000000e+01,1.521126760563e+00,1.329236011952e-01,3.341647517763e+02,2.728132408310e+02,1.671439509825e+01,2.560988457327e+02,0.000000000000e+00,9.880663787831e+02
1.000000000000e+01,1.552816901408e+00,1.489239092916e-01,3.743889026066e+02,3.080767023310e+02,1.706261166280e+01,2.910140906682e+02,0.000000000000e+00,1.237449858104e+03
1.000000000000e+01,1.584507042254e+00,1.655316911638e-01,4.161402188286e+02,3.518677074599e+02,1.741082822734e+01,3.344568792326e+02,0.000000000000e+00,1.526249132257e+03
1.000000000000e+01,1.616197183099e+00,1.826828345656e-01,4.592575247549e+02,4.054678602339e+02,1.775904479189e+01,3.877088154420e+02,0.000000000000e+00,1.856516065033e+03
1.000000000000e+01,1.647887323944e+00,2.003002911806e-01,5.035471239212e+02,4.702132210400e+02,1.810726135644e+01,4.521059596835e+02,0.000000000000e+00,2.229635594729e+03
1.000000000000e+01,1.679577464789e+00,2.182936854661e-01,5.487818157362e+02,5.474704050328e+02,1.845547792099e+01,5.290149271118e+02,0.000000000000e+00,2.646151128372e+03
1.000000000000e+01,1.711267605634e+00,2.365595474839e-01,5.947014808092e+02,6.386072966660e+02,1.880369448553e+01,6.198036021805e+02,0.000000000000e+00,3.105599365819e+03
1.000000000000e+01,1.742957746479e+00,2.549814432859e-01,6.410134087330e+02,7.449585647524e+02,1.915191105008e+01,7.258066537023e+02,0.000000000000e+00,3.606347331184e+03
1.000000000000e+01,1.774647887324e+00,2.734305523336e-01,6.873937496956e+02,8.677863731075e+02,1.950012761463e+01,8.482862454929e+02,0.000000000000e+00,4.145452129453e+03
1.000000000000e+01,1.806338028169e+00,2.917669154704e-01,7.334906518332e+02,1.008237314842e+03,1.984834417917e+01,9.883889706627e+02,0.000000000000e+00,4.718562860007e+03
1.000000000000e+01,1.838028169014e+00,3.098405152559e-01,7.789269771490e+02,1.167296696987e+03,2.019656074372e+01,1.147100136243e+03,0.000000000000e+00,5.319851479789e+03
1.000000000000e+01,1.869718309859e+00,3.274933248758e-01,8.233054523915e+02,1.345741796322e+03,2.054477730827e+01,1.325197019014e+03,0.000000000000e+00,5.942017011602e+03
1.000000000000e+01,1.901408450704e+00,3.445612639189e-01,8.662135858032e+02,1.544096052021e+03,2.089299387281e+01,1.523203058148e+03,0.000000000000e+00,6.576340459161e+03
1.000000000000e+01,1.933098591549e+00,3.608768060803e-01,9.072302227846e+02,1.762586295790e+03,2.124121043736e+01,1.741345085353e+03,0.000000000000e+00,7.212821592069e+03
1.000000000000e+01,1.964788732394e+00,3.762717545033e-01,9.459325229939e+02,2.001105432155e+03,2.158942700191e+01,1.979516005153e+03,0.000000000000e+00,7.840386125151e+03
1.000000000000e+01,1.996478873239e+00,3.905803337693e-01,9.819037334917e+02,2.259182888670e+03,2.193764356645e+01,2.237245245104e+03,0.000000000000e+00,8.447168908291e+03
1.000000000000e+01,2.028169014085e+00,4.036423563957e-01,1.014741149191e+03,2.535965031572e+03,2.228586013100e+01,2.513679171441e+03,0.000000000000e+00,9.020859665929e+03
1.000000000000e+01,2.059859154930e+00,4.153065010905e-01,1.044064354262e+03,2.830207412901e+03,2.263407669555e+01,2.807573336206e+03,0.000000000000e+00,9.549103955745e+03
1.000000000000e+01,2.091549295775e+00,4.254336655140e-01,1.069523650845e+03,3.140280379862e+03,2.298229326010e+01,3.117298086602e+03,0.000000000000e+00,1.001994551467e+04
1.000000000000e+01,2.123239436620e+00,4.338999465108e-01,1.090807551238e+03,3.464188770445e+03,2.333050982464e+01,3.440858260620e+03,0.000000000000e+00,1.042227291324e+04
1.000000000000e+01,2.154929577465e+00,4.405996948481e-01,1.107650457389e+03,3.799605849079e+03,2.367872638919e+01,3.775927122690e+03,0.000000000000e+00,1.074627160499e+04
1.000000000000e+01,2.186619718310e+00,4.454478248954e-01,1.119838467338e+03,4.143920718168e+03,2.402694295374e+01,4.119893775214e+03,0.000000000000e+00,1.098382235528e+04
1.000000000000e+01,2.218309859155e+00,4.483820497990e-01,1.127214994363e+03,4.494319553437e+03,2.437515951828e+01,4.469922528947e+03,2.186497233679e-02,1.113023747063e+04
1.000000000000e+01,2.250000000000e+00,4.493644088507e-01,1.129684606725e+03,4.847929416600e+03,2.472337608283e+01,4.823022133071e+03,1.839074465679e-01,1.118647389342e+04
1.000000000000e+01,2.269771863834e+00,4.493643343449e-01,1.129684419420e+03,5.069225122167e+03,2.494063262747e+01,5.043807361634e+03,4.771279048961e-01,1.119843705077e+04
1.000000000000e+01,2.289543727669e+00,4.493644088507e-01,1.129684606725e+03,5.290660991502e+03,2.515788917211e+01,5.264592590198e+03,9.105121318421e-01,1.120065199720e+04
1.000000000000e+01,2.309315591503e+00,4.493643343449e-01,1.129684419420e+03,5.512118721040e+03,2.537514571674e+01,5.485377818762e+03,1.365756561600e+00,1.120064829428e+04
1.000000000000e+01,2.329087455338e+00,4.493644088507e-01,1.129684606725e+03,5.733576450578e+03,2.559240226138e+01,5.706163047326e+03,1.821000991357e+00,1.120065199720e+04
1.000000000000e+01,2.348859319172e+00,4.493643343449e-01,1.129684419420e+03,5.955034180117e+03,2.580965880602e+01,5.926948275889e+03,2.276245421115e+00,1.120064829428e+04
1.000000000000e+01,2.368631183006e+00,4.493643343449e-01,1.129684419420e+03,6.176491873048e+03,2.602691535066e+01,6.147733467846e+03,2.731489850873e+00,1.120064829428e+04
1.000000000000e+01,2.388403046841e+00,4.493642970920e-01,1.129684325768e+03,6.397949547676e+03,2.624417189530e+01,6.368518641500e+03,3.186734280630e+00,1.120064644282e+04
1.000000000000e+01,2.408174910675e+00,4.493643343449e-01,1.129684419420e+03,6.619407222304e+03,2.646142843994e+01,6.589303815154e+03,3.641978710388e+00,1.120064829428e+04
1.000000000000e+01,2.427946774510e+00,4.493643715978e-01,1.129684513073e+03,6.840864933539e+03,2.667868498457e+01,6.810089025414e+03,4.097223140146e+00,1.120065014574e+04
1.000000000000e+01,2.447718638344e+00,4.493643715978e-01,1.129684513073e+03,7.062322663077e+03,2.689594152921e+01,7.030874253978e+03,4.552467569903e+00,1.120065014574e+04
1.000000000000e+01,2.467490502178e+00,4.493642970920e-01,1.129684325768e+03,7.283780356008e+03,2.711319807385e+01,7.251659445935e+03,5.007711999661e+00,1.120064644282e+04
1.000000000000e+01,2.487262366013e+00,4.493644088507e-01,1.129684606725e+03,7.505238067243e+03,2.733045461849e+01,7.472444656195e+03,5.462956429419e+00,1.120065199720e+04
1.000000000000e+01,2.507034229847e+00,4.493643343449e-01,1.129684419420e+03,7.726695796781e+03,2.754771116313e+01,7.693229884759e+03,5.918200859176e+00,1.120064829428e+04
1.000000000000e+01,2.526806093681e+00,4.493643343449e-01,1.129684419420e+03,7.948153489713e+03,2.776496770777e+01,7.914015076716e+03,6.373445288934e+00,1.120064829428e+04
1.000000000000e+01,2.546577957516e+00,4.493642970920e-01,1.129684325768e+03,8.169611164341e+03,2.798222425240e+01,8.134800250369e+03,6.828689718692e+00,1.120064644282e+04
1.000000000000e+01,2.566349821350e+00,4.493643715978e-01,1.129684513073e+03,8.391068857272e+03,2.819948079704e+01,8.355585442326e+03,7.283934148449e+00,1.120065014574e+04
1.000000000000e+01,2.586121685185e+00,4.493642970920e-01,1.129684325768e+03,8.612526550203e+03,2.841673734168e+01,8.576370634283e+03,7.739178578207e+00,1.120064644282e+04
1.000000000000e+01,2.605893549019e+00,4.493643715978e-01,1.129684513073e+03,8.833984243135e+03,2.863399388632e+01,8.797155826240e+03,8.194423007965e+00,1.120065014574e+04
1.000000000000e+01,2.625665412853e+00,4.493643343449e-01,1.129684419420e+03,9.055441954369e+03,2.885125043096e+01,9.017941036501e+03,8.649667437722e+00,1.120064829428e+04
1.000000000000e+01,2.645437276688e+00,4.493642970920e-01,1.129684325768e+03,9.276899628997e+03,2.906850697560e+01,9.238726210154e+03,9.104911867480e+00,1.120064644282e+04
1.000000000000e+01,2.665209140522e+00,4.493643715978e-01,1.129684513073e+03,9.498357321929e+03,2.928576352023e+01,9.459511402111e+03,9.560156297238e+00,1.120065014574e+04
1.000000000000e+01,2.684981004357e+00,4.493643715978e-01,1.129684513073e+03,9.719815051467e+03,2.950302006487e+01,9.680296630675e+03,1.001540072700e+01,1.120065014574e+04
1.000000000000e+01,2.704752868191e+00,4.493643343449e-01,1.129684419420e+03,9.941272762702e+03,2.972027660951e+01,9.901081840936e+03,1.047064515675e+01,1.120064829428e+04
1.000000000000e+01,2.724524732025e+00,4.493643343449e-01,1.129684419420e+03,1.016273045563e+04,2.993753315415e+01,1.012186703289e+04,1.092588958651e+01,1.120064829428e+04
1.000000000000e+01,2.744296595860e+00,4.493643343449e-01,1.129684419420e+03,1.038418814856e+04,3.015478969879e+01,1.034265222485e+04,1.138113401627e+01,1.120064829428e+04
1.000000000000e+01,2.764068459694e+00,4.493643715978e-01,1.129684513073e+03,1.060564585980e+04,3.037204624342e+01,1.056343743511e+04,1.183637844603e+01,1.120065014574e+04
1.000000000000e+01,2.783840323529e+00,4.493643715978e-01,1.129684513073e+03,1.082710358934e+04,3.058930278806e+01,1.078422266367e+04,1.229162287578e+01,1.120065014574e+04
1.000000000000e+01,2.803612187363e+00,4.493643715978e-01,1.129684513073e+03,1.104856131888e+04,3.080655933270e+01,1.100500789224e+04,1.274686730554e+01,1.120065014574e+04
1.000000000000e+01,2.823384051197e+00,4.493643715978e-01,1.129684513073e+03,1.127001904841e+04,3.102381587734e+01,1.122579312080e+04,1.320211173530e+01,1.120065014574e+04
1.000000000000e+01,2.843155915032e+00,4.493643715978e-01,1.129684513073e+03,1.149147677795e+04,3.124107242198e+01,1.144657834936e+04,1.365735616506e+01,1.120065014574e+04
1.000000000000e+01,2.862927778866e+00,4.493643343449e-01,1.129684419420e+03,1.171293448919e+04,3.145832896662e+01,1.166736355963e+04,1.411260059481e+01,1.120064829428e+04
1.000000000000e+01,2.882699642700e+00,4.493643715978e-01,1.129684513073e+03,1.193439220042e+04,3.167558551125e+01,1.188814876989e+04,1.456784502457e+01,1.120065014574e+04
1.000000000000e+01,2.902471506535e+00,4.493643343449e-01,1.129684419420e+03,1.215584991166e+04,3.189284205589e+01,1.210893398015e+04,1.502308945433e+01,1.120064829428e+04
1.000000000000e+01,2.922243370369e+00,4.493643715978e-01,1.129684513073e+03,1.237730762289e+04,3.211009860053e+01,1.232971919041e+04,1.547833388409e+01,1.120065014574e+04
1.000000000000e+01,2.942015234204e+00,4.493642970920e-01,1.129684325768e+03,1.259876531582e+04,3.232735514517e+01,1.255050438236e+04,1.593357831385e+01,1.120064644282e+04
1.000000000000e+01,2.961787098038e+00,4.493643343449e-01,1.129684419420e+03,1.282022299045e+04,3.254461168981e+01,1.277128955602e+04,1.638882274360e+01,1.120064829428e+04
1.000000000000e+01,2.981558961872e+00,4.493644088507e-01,1.129684606725e+03,1.304168071999e+04,3.276186823445e+01,1.299207478458e+04,1.684406717336e+01,1.120065199720e+04
1.000000000000e+01,3.001330825707e+00,4.493642970920e-01,1.129684325768e+03,1.326313843122e+04,3.297912477908e+01,1.321285999484e+04,1.729931160312e+01,1.120064644282e+04
1.000000000000e+01,3.021102689541e+00,4.493644088507e-01,1.129684606725e+03,1.348459614246e+04,3.319638132372e+01,1.343364520510e+04,1.775455603288e+01,1.120065199720e+04
1.000000000000e+01,3.040874553376e+00,4.493643715978e-01,1.129684513073e+03,1.370605389030e+04,3.341363786836e+01,1.365443045197e+04,1.820980046263e+01,1.120065014574e+04
1.000000000000e+01,3.060646417210e+00,4.493643343449e-01,1.129684419420e+03,1.392751160153e+04,3.363089441300e+01,1.387521566223e+04,1.866504489239e+01,1.120064829428e+04
1.000000000000e+01,3.080418281044e+00,4.493643715978e-01,1.129684513073e+03,1.414896931277e+04,3.384815095764e+01,1.409600087249e+04,1.912028932215e+01,1.120065014574e+04
1.000000000000e+01,3.100190144879e+00,4.493643715978e-01,1.129684513073e+03,1.437042704231e+04,3.406540750228e+01,1.431678610105e+04,1.957553375191e+01,1.120065014574e+04
1.000000000000e+01,3.119962008713e+00,4.493644088507e-01,1.129684606725e+03,1.459188479015e+04,3.428266404691e+01,1.453757134792e+04,2.003077818166e+01,1.120065199720e+04
1.000000000000e+01,3.139733872548e+00,4.493643343449e-01,1.129684419420e+03,1.481334251969e+04,3.449992059155e+01,1.475835657648e+04,2.048602261142e+01,1.120064829428e+04
1.000000000000e+01,3.159505736382e+00,4.493644088507e-01,1.129684606725e+03,1.503480024923e+04,3.471717713619e+01,1.497914180505e+04,2.094126704118e+01,1.120065199720e+04
1.000000000000e+01,3.179277600216e+00,4.493643343449e-01,1.129684419420e+03,1.525625797876e+04,3.493443368083e+01,1.519992703361e+04,2.139651147094e+01,1.120064829428e+04
1.000000000000e+01,3.199049464051e+00,4.493643343449e-01,1.129684419420e+03,1.547771567169e+04,3.515169022547e+01,1.542071222557e+04,2.185175590069e+01,1.120064829428e+04
1.000000000000e+01,3.218821327885e+00,4.493644088507e-01,1.129684606725e+03,1.569917340123e+04,3.536894677011e+01,1.564149745413e+04,2.230700033045e+01,1.120065199720e+04
1.000000000000e+01,3.238593191720e+00,4.493643343449e-01,1.129684419420e+03,1.592063113077e+04,3.558620331474e+01,1.586228268270e+04,2.276224476021e+01,1.120064829428e+04
1.000000000000e+01,3.258365055554e+00,4.493643715978e-01,1.129684513073e+03,1.614208884201e+04,3.580345985938e+01,1.608306789296e+04,2.321748918997e+01,1.120065014574e+04
1.000000000000e+01,3.278136919388e+00,4.493643715978e-01,1.129684513073e+03,1.636354657154e+04,3.602071640402e+01,1.630385312152e+04,2.367273361973e+01,1.120065014574e+04
1.000000000000e+01,3.297908783223e+00,4.493643343449e-01,1.129684419420e+03,1.658500428278e+04,3.623797294866e+01,1.652463833178e+04,2.412797804948e+01,1.120064829428e+04
1.000000000000e+01,3.317680647057e+00,4.493643715978e-01,1.129684513073e+03,1.680646199401e+04,3.645522949330e+01,1.674542354204e+04,2.458322247924e+01,1.120065014574e+04
1.000000000000e+01,3.337452510891e+00,4.493642970920e-01,1.129684325768e+03,1.702791968694e+04,3.667248603794e+01,1.696620873400e+04,2.503846690900e+01,1.120064644282e+04
1.000000000000e+01,3.357224374726e+00,4.493643343449e-01,1.129684419420e+03,1.724937736157e+04,3.688974258257e+01,1.718699390765e+04,2.549371133876e+01,1.120064829428e+04
1.000000000000e+01,3.376996238560e+00,4.493644088507e-01,1.129684606725e+03,1.747083509111e+04,3.710699912721e+01,1.740777913622e+04,2.594895576851e+01,1.120065199720e+04
1.000000000000e+01,3.396768102395e+00,4.493643715978e-01,1.129684513073e+03,1.769229283895e+04,3.732425567185e+01,1.762856438308e+04,2.640420019827e+01,1.120065014574e+04
1.000000000000e+01,3.416539966229e+00,4.493644088507e-01,1.129684606725e+03,1.791375058679e+04,3.754151221649e+01,1.784934962995e+04,2.685944462803e+01,1.120065199720e+04
1.000000000000e+01,3.436311830063e+00,4.493642970920e-01,1.129684325768e+03,1.813520829803e+04,3.775876876113e+01,1.807013484021e+04,2.731468905779e+01,1.120064644282e+04
1.000000000000e+01,3.456083693898e+00,4.493642970920e-01,1.129684325768e+03,1.835666595435e+04,3.797602530576e+01,1.829091999556e+04,2.776993348754e+01,1.120064644282e+04
1.000000000000e+01,3.475855557732e+00,4.493643715978e-01,1.129684513073e+03,1.857812364728e+04,3.819328185040e+01,1.851170518752e+04,2.822517791730e+01,1.120065014574e+04
1.000000000000e+01,3.495627421567e+00,4.493643343449e-01,1.129684419420e+03,1.879958135852e+04,3.841053839504e+01,1.873249039778e+04,2.868042234706e+01,1.120064829428e+04
1.000000000000e+01,3.515399285401e+00,4.493644088507e-01,1.129684606725e+03,1.902103908806e+04,3.862779493968e+01,1.895327562634e+04,2.913566677682e+01,1.120065199720e+04
1.000000000000e+01,3.535171149235e+00,4.493644088507e-01,1.129684606725e+03,1.924249685420e+04,3.884505148432e+01,1.917406089151e+04,2.959091120658e+01,1.120065199720e+04
1.000000000000e+01,3.554943013070e+00,4.493643715978e-01,1.129684513073e+03,1.946395460204e+04,3.906230802896e+01,1.939484613838e+04,3.004615563633e+01,1.120065014574e+04
1.000000000000e+01,3.574714876904e+00,4.493643343449e-01,1.129684419420e+03,1.968541231328e+04,3.927956457359e+01,1.961563134864e+04,3.050140006609e+01,1.120064829428e+04
1.000000000000e+01,3.594486740739e+00,4.493643715978e-01,1.129684513073e+03,1.990687002451e+04,3.949682111823e+01,1.983641655890e+04,3.095664449585e+01,1.120065014574e+04
1.000000000000e+01,3.614258604573e+00,4.493643715978e-01,1.129684513073e+03,2.012832775405e+04,3.971407766287e+01,2.005720178746e+04,3.141188892561e+01,1.120065014574e+04
1.000000000000e+01,3.634030468407e+00,4.493644088507e-01,1.129684606725e+03,2.034978550189e+04,3.993133420751e+01,2.027798703433e+04,3.186713335536e+01,1.120065199720e+04
1.000000000000e+01,3.653802332242e+00,4.493644088507e-01,1.129684606725e+03,2.057124326804e+04,4.014859075215e+01,2.049877229950e+04,3.232237778512e+01,1.120065199720e+04
1.000000000000e+01,3.673574196076e+00,4.493644088507e-01,1.129684606725e+03,2.079270103418e+04,4.036584729679e+01,2.071955756467e+04,3.277762221488e+01,1.120065199720e+04
1.000000000000e+01,3.693346059910e+00,4.493644088507e-01,1.129684606725e+03,2.101415880033e+04,4.058310384142e+01,2.094034282984e+04,3.323286664464e+01,1.120065199720e+04
1.000000000000e+01,3.713117923745e+00,4.493643715978e-01,1.129684513073e+03,2.123561654817e+04,4.080036038606e+01,2.116112807671e+04,3.368811107439e+01,1.120065014574e+04
1.000000000000e+01,3.732889787579e+00,4.493643715978e-01,1.129684513073e+03,2.145707427771e+04,4.101761693070e+01,2.138191330527e+04,3.414335550415e+01,1.120065014574e+04
1.000000000000e+01,3.752661651414e+00,4.493643343449e-01,1.129684419420e+03,2.167853198894e+04,4.123487347534e+01,2.160269851553e+04,3.459859993391e+01,1.120064829428e+04
1.000000000000e+01,3.772433515248e+00,4.493643715978e-01,1.129684513073e+03,2.189998970018e+04,4.145213001998e+01,2.182348372579e+04,3.505384436367e+01,1.120065014574e+04
1.000000000000e+01,3.792205379082e+00,4.493644088507e-01,1.129684606725e+03,2.212144744802e+04,4.166938656462e+01,2.204426897266e+04,3.550908879342e+01,1.120065199720e+04
1.000000000000e+01,3.811977242917e+00,4.493644088507e-01,1.129684606725e+03,2.234290521416e+04,4.188664310925e+01,2.226505423783e+04,3.596433322318e+01,1.120065199720e+04
1.000000000000e+01,3.831749106751e+00,4.493643343449e-01,1.129684419420e+03,2.256436294370e+04,4.210389965389e+01,2.248583946640e+04,3.641957765294e+01,1.120064829428e+04
1.000000000000e+01,3.851520970586e+00,4.493643715978e-01,1.129684513073e+03,2.278582065494e+04,4.232115619853e+01,2.270662467666e+04,3.687482208270e+01,1.120065014574e+04
1.000000000000e+01,3.871292834420e+00,4.493642970920e-01,1.129684325768e+03,2.300727834787e+04,4.253841274317e+01,2.292740986861e+04,3.733006651246e+01,1.120064644282e+04
1.000000000000e+01,3.891064698254e+00,4.493642970920e-01,1.129684325768e+03,2.322873600419e+04,4.275566928781e+01,2.314819502396e+04,3.778531094221e+01,1.120064644282e+04
1.000000000000e+01,3.910836562089e+00,4.493644088507e-01,1.129684606725e+03,2.345019371543e+04,4.297292583245e+01,2.336898023422e+04,3.824055537197e+01,1.120065199720e+04
1.000000000000e+01,3.930608425923e+00,4.493643715978e-01,1.129684513073e+03,2.367165146327e+04,4.319018237708e+01,2.358976548109e+04,3.869579980173e+01,1.120065014574e+04
1.000000000000e+01,3.950380289758e+00,4.493644088507e-01,1.129684606725e+03,2.389310921111e+04,4.340743892172e+01,2.381055072796e+04,3.915104423149e+01,1.120065199720e+04
1.000000000000e+01,3.970152153592e+00,4.493643343449e-01,1.129684419420e+03,2.411456694065e+04,4.362469546636e+01,2.403133595652e+04,3.960628866124e+01,1.120064829428e+04
1.000000000000e+01,3.989924017426e+00,4.493642970920e-01,1.129684325768e+03,2.433602461528e+04,4.384195201100e+01,2.425212113018e+04,4.006153309100e+01,1.120064644282e+04
1.000000000000e+01,4.009695881261e+00,4.493643715978e-01,1.129684513073e+03,2.455748230821e+04,4.405920855564e+01,2.447290632213e+04,4.051677752076e+01,1.120065014574e+04
1.000000000000e+01,4.029467745095e+00,4.493643343449e-01,1.129684419420e+03,2.477894001944e+04,4.427646510027e+01,2.469369153239e+04,4.097202195052e+01,1.120064829428e+04
1.000000000000e+01,4.049239608930e+00,4.493643715978e-01,1.129684513073e+03,2.500039773068e+04,4.449372164491e+01,2.491447674265e+04,4.142726638027e+01,1.120065014574e+04
1.000000000000e+01,4.069011472764e+00,4.493643715978e-01,1.129684513073e+03,2.522185546022e+04,4.471097818955e+01,2.513526197122e+04,4.188251081003e+01,1.120065014574e+04
1.000000000000e+01,4.088783336598e+00,4.493643343449e-01,1.129684419420e+03,2.544331317145e+04,4.492823473419e+01,2.535604718148e+04,4.233775523979e+01,1.120064829428e+04
1.000000000000e+01,4.108555200433e+00,4.493644088507e-01,1.129684606725e+03,2.566477090099e+04,4.514549127883e+01,2.557683241004e+04,4.279299966955e+01,1.120065199720e+04
1.000000000000e+01,4.128327064267e+00,4.493643343449e-01,1.129684419420e+03,2.588622863053e+04,4.536274782347e+01,2.579761763860e+04,4.324824409931e+01,1.120064829428e+04
1.000000000000e+01,4.148098928101e+00,4.493643343449e-01,1.129684419420e+03,2.610768632346e+04,4.558000436810e+01,2.601840283056e+04,4.370348852906e+01,1.120064829428e+04
1.000000000000e+01,4.167870791936e+00,4.493644088507e-01,1.129684606725e+03,2.632914405300e+04,4.579726091274e+01,2.623918805913e+04,4.415873295882e+01,1.120065199720e+04
1.000000000000e+01,4.187642655770e+00,4.493643343449e-01,1.129684419420e+03,2.655060178253e+04,4.601451745738e+01,2.645997328769e+04,4.461397738858e+01,1.120064829428e+04
1.000000000000e+01,4.207414519605e+00,4.493644088507e-01,1.129684606725e+03,2.677205951207e+04,4.623177400202e+01,2.668075851625e+04,4.506922181834e+01,1.120065199720e+04
1.000000000000e+01,4.227186383439e+00,4.493643715978e-01,1.129684513073e+03,2.699351725991e+04,4.644903054666e+01,2.690154376312e+04,4.552446624809e+01,1.120065014574e+04
1.000000000000e+01,4.246958247273e+00,4.493643715978e-01,1.129684513073e+03,2.721497498945e+04,4.666628709130e+01,2.712232899168e+04,4.597971067785e+01,1.120065014574e+04
1.000000000000e+01,4.266730111108e+00,4.493643343449e-01,1.129684419420e+03,2.743643270069e+04,4.688354363593e+01,2.734311420194e+04,4.643495510761e+01,1.120064829428e+04
1.000000000000e+01,4.286501974942e+00,4.493643715978e-01,1.129684513073e+03,2.765789041192e+04,4.710080018057e+01,2.756389941220e+04,4.689019953737e+01,1.120065014574e+04
1.000000000000e+01,4.306273838777e+00,4.493644088507e-01,1.129684606725e+03,2.787934815976e+04,4.731805672521e+01,2.778468465907e+04,4.734544396712e+01,1.120065199720e+04
1.000000000000e+01,4.326045702611e+00,4.493642970920e-01,1.129684325768e+03,2.810080587100e+04,4.753531326985e+01,2.800546986933e+04,4.780068839688e+01,1.120064644282e+04
1.000000000000e+01,4.345817566445e+00,4.493644088507e-01,1.129684606725e+03,2.832226358223e+04,4.775256981449e+01,2.822625507959e+04,4.825593282664e+01,1.120065199720e+04
1.000000000000e+01,4.365589430280e+00,4.493643343449e-01,1.129684419420e+03,2.854372131177e+04,4.796982635913e+01,2.844704030816e+04,4.871117725640e+01,1.120064829428e+04
1.000000000000e+01,4.385361294114e+00,4.493642970920e-01,1.129684325768e+03,2.876517898640e+04,4.818708290376e+01,2.866782548181e+04,4.916642168615e+01,1.120064644282e+04
1.000000000000e+01,4.405133157949e+00,4.493643715978e-01,1.129684513073e+03,2.898663667933e+04,4.840433944840e+01,2.888861067377e+04,4.962166611591e+01,1.120065014574e+04
1.000000000000e+01,4.424905021783e+00,4.493643343449e-01,1.129684419420e+03,2.920809439057e+04,4.862159599304e+01,2.910939588403e+04,5.007691054567e+01,1.120064829428e+04
1.000000000000e+01,4.444676885617e+00,4.493643715978e-01,1.129684513073e+03,2.942955210180e+04,4.883885253768e+01,2.933018109429e+04,5.053215497543e+01,1.120065014574e+04
1.000000000000e+01,4.464448749452e+00,4.493643343449e-01,1.129684419420e+03,2.965100981304e+04,4.905610908232e+01,2.955096630455e+04,5.098739940519e+01,1.120064829428e+04
1.000000000000e+01,4.484220613286e+00,4.493643715978e-01,1.129684513073e+03,2.987246752427e+04,4.927336562696e+01,2.977175151481e+04,5.144264383494e+01,1.120065014574e+04
1.000000000000e+01,4.503992477120e+00,4.493643715978e-01,1.129684513073e+03,3.009392525381e+04,4.949062217159e+01,2.999253674337e+04,5.189788826470e+01,1.120065014574e+04
1.000000000000e+01,4.523764340955e+00,4.493643715978e-01,1.129684513073e+03,3.031538298335e+04,4.970787871623e+01,3.021332197194e+04,5.235313269446e+01,1.120065014574e+04
1.000000000000e+01,4.543536204789e+00,4.493643715978e-01,1.129684513073e+03,3.053684071288e+04,4.992513526087e+01,3.043410720050e+04,5.280837712422e+01,1.120065014574e+04
1.000000000000e+01,4.563308068624e+00,4.493643715978e-01,1.129684513073e+03,3.075829844242e+04,5.014239180551e+01,3.065489242906e+04,5.326362155397e+01,1.120065014574e+04
1.000000000000e+01,4.583079932458e+00,4.493643343449e-01,1.129684419420e+03,3.097975615366e+04,5.035964835015e+01,3.087567763932e+04,5.371886598373e+01,1.120064829428e+04
1.000000000000e+01,4.602851796292e+00,4.493643343449e-01,1.129684419420e+03,3.120121384659e+04,5.057690489479e+01,3.109646283128e+04,5.417411041349e+01,1.120064829428e+04
1.000000000000e+01,4.622623660127e+00,4.493643343449e-01,1.129684419420e+03,3.142267153952e+04,5.079416143942e+01,3.131724802324e+04,5.462935484325e+01,1.120064829428e+04
1.000000000000e+01,4.642395523961e+00,4.493643715978e-01,1.129684513073e+03,3.164412925075e+04,5.101141798406e+01,3.153803323350e+04,5.508459927300e+01,1.120065014574e+04
1.000000000000e+01,4.662167387796e+00,4.493643715978e-01,1.129684513073e+03,3.186558698029e+04,5.122867452870e+01,3.175881846206e+04,5.553984370276e+01,1.120065014574e+04
1.000000000000e+01,4.681939251630e+00,4.493642970920e-01,1.129684325768e+03,3.208704467322e+04,5.144593107334e+01,3.197960365402e+04,5.599508813252e+01,1.120064644282e+04
1.000000000000e+01,4.701711115464e+00,4.493643343449e-01,1.129684419420e+03,3.230850234785e+04,5.166318761798e+01,3.220038882767e+04,5.645033256228e+01,1.120064829428e+04
1.000000000000e+01,4.721482979299e+00,4.493643715978e-01,1.129684513073e+03,3.252996005909e+04,5.188044416261e+01,3.242117403793e+04,5.690557699204e+01,1.120065014574e+04
1.000000000000e+01,4.741254843133e+00,4.493642970920e-01,1.129684325768e+03,3.275141775202e+04,5.209770070725e+01,3.264195922989e+04,5.736082142179e+01,1.120064644282e+04
1.000000000000e+01,4.761026706968e+00,4.493643715978e-01,1.129684513073e+03,3.297287544495e+04,5.231495725189e+01,3.286274442185e+04,5.781606585155e+01,1.120065014574e+04
1.000000000000e+01,4.780798570802e+00,4.493642970920e-01,1.129684325768e+03,3.319433313788e+04,5.253221379653e+01,3.308352961380e+04,5.827131028131e+01,1.120064644282e+04
1.000000000000e+01,4.800570434636e+00,4.493643343449e-01,1.129684419420e+03,3.341579081251e+04,5.274947034117e+01,3.330431478746e+04,5.872655471107e+01,1.120064829428e+04
1.000000000000e+01,4.820342298471e+00,4.493643343449e-01,1.129684419420e+03,3.363724850544e+04,5.296672688581e+01,3.352509997941e+04,5.918179914082e+01,1.120064829428e+04
1.000000000000e+01,4.840114162305e+00,4.493644088507e-01,1.129684606725e+03,3.385870623498e+04,5.318398343044e+01,3.374588520798e+04,5.963704357058e+01,1.120065199720e+04
1.000000000000e+01,4.859886026140e+00,4.493642970920e-01,1.129684325768e+03,3.408016394621e+04,5.340123997508e+01,3.396667041824e+04,6.009228800034e+01,1.120064644282e+04
1.000000000000e+01,4.879657889974e+00,4.493643715978e-01,1.129684513073e+03,3.430162163915e+04,5.361849651972e+01,3.418745561020e+04,6.054753243010e+01,1.120065014574e+04
1.000000000000e+01,4.899429753808e+00,4.493643715978e-01,1.129684513073e+03,3.452307936868e+04,5.383575306436e+01,3.440824083876e+04,6.100277685985e+01,1.120065014574e+04
1.000000000000e+01,4.919201617643e+00,4.493643343449e-01,1.129684419420e+03,3.474453707992e+04,5.405300960900e+01,3.462902604902e+04,6.145802128961e+01,1.120064829428e+04
1.000000000000e+01,4.938973481477e+00,4.493642970920e-01,1.129684325768e+03,3.496599475455e+04,5.427026615364e+01,3.484981122267e+04,6.191326571937e+01,1.120064644282e+04
1.000000000000e+01,4.958745345311e+00,4.493643343449e-01,1.129684419420e+03,3.518745242917e+04,5.448752269827e+01,3.507059639633e+04,6.236851014913e+01,1.120064829428e+04
1.000000000000e+01,4.978517209146e+00,4.493643343449e-01,1.129684419420e+03,3.540891012211e+04,5.470477924291e+01,3.529138158828e+04,6.282375457888e+01,1.120064829428e+04
1.000000000000e+01,4.998289072980e+00,4.493644088507e-01,1.129684606725e+03,3.563036785164e+04,5.492203578755e+01,3.551216681685e+04,6.327899900864e+01,1.120065199720e+04
1.000000000000e+01,5.018060936815e+00,4.493643343449e-01,1.129684419420e+03,3.585182558118e+04,5.513929233219e+01,3.573295204541e+04,6.373424343840e+01,1.120064829428e+04
1.000000000000e+01,5.037832800649e+00,4.493644088507e-01,1.129684606725e+03,3.607328331072e+04,5.535654887683e+01,3.595373727397e+04,6.418948786816e+01,1.120065199720e+04
1.000000000000e+01,5.057604664483e+00,4.493643343449e-01,1.129684419420e+03,3.629471918006e+04,5.557380542147e+01,3.617452250254e+04,6.462287209510e+01,1.119843705077e+04
1.000000000000e+01,5.077376528318e+00,4.493644088507e-01,1.129684606725e+03,3.651601488562e+04,5.579106196610e+01,3.639530773110e+04,6.491609255343e+01,1.118647389342e+04
1.000000000000e+01,5.109066669163e+00,4.483820497990e-01,1.127214994363e+03,3.686962474878e+04,5.613927853065e+01,3.674840733523e+04,6.507813502766e+01,1.113023747063e+04
1.000000000000e+01,5.140756810008e+00,4.454478248954e-01,1.119838467338e+03,3.722002358405e+04,5.648749509520e+01,3.709843608896e+04,6.510000000000e+01,1.098382235528e+04
1.000000000000e+01,5.172446950853e+00,4.405996948481e-01,1.107650457389e+03,3.756433845314e+04,5.683571165974e+01,3.744240274148e+04,6.510000000000e+01,1.074627160499e+04
1.000000000000e+01,5.204137091698e+00,4.338999465108e-01,1.090807551238e+03,3.789975553178e+04,5.718392822429e+01,3.777747160355e+04,6.510000000000e+01,1.042227291324e+04
1.000000000000e+01,5.235827232543e+00,4.254336655140e-01,1.069523650845e+03,3.822366392236e+04,5.753214478884e+01,3.810103177757e+04,6.510000000000e+01,1.001994551467e+04
1.000000000000e+01,5.267517373388e+00,4.153065010905e-01,1.044064354262e+03,3.853373688932e+04,5.788036135339e+01,3.841075652797e+04,6.510000000000e+01,9.549103955745e+03
1.000000000000e+01,5.299207514233e+00,4.036423563957e-01,1.014741149191e+03,3.882797927065e+04,5.822857791793e+01,3.870465069273e+04,6.510000000000e+01,9.020859665929e+03
1.000000000000e+01,5.330897655078e+00,3.905803337693e-01,9.819037334917e+02,3.910476141355e+04,5.857679448248e+01,3.898108461907e+04,6.510000000000e+01,8.447168908291e+03
1.000000000000e+01,5.362587795923e+00,3.762717545033e-01,9.459325229939e+02,3.936283887007e+04,5.892501104703e+01,3.923881385902e+04,6.510000000000e+01,7.840386125151e+03
1.000000000000e+01,5.394277936769e+00,3.608768060803e-01,9.072302227846e+02,3.960135800643e+04,5.927322761157e+01,3.947698477882e+04,6.510000000000e+01,7.212821592069e+03
1.000000000000e+01,5.425968077614e+00,3.445612639189e-01,8.662135858032e+02,3.981984825020e+04,5.962144417612e+01,3.969512680603e+04,6.510000000000e+01,6.576340459161e+03
1.000000000000e+01,5.457658218459e+00,3.274933248758e-01,8.233054523915e+02,4.001820250590e+04,5.996966074067e+01,3.989313284516e+04,6.510000000000e+01,5.942017011602e+03
1.000000000000e+01,5.489348359304e+00,3.098405152559e-01,7.789269771490e+02,4.019664760524e+04,6.031787730521e+01,4.007122972793e+04,6.510000000000e+01,5.319851479789e+03
1.000000000000e+01,5.521038500149e+00,2.917669154704e-01,7.334906518332e+02,4.035570698738e+04,6.066609386976e+01,4.022994089351e+04,6.510000000000e+01,4.718562860007e+03
1.000000000000e+01,5.552728640994e+00,2.734305523336e-01,6.873937496956e+02,4.049615792911e+04,6.101431043431e+01,4.037004361868e+04,6.510000000000e+01,4.145452129453e+03
1.000000000000e+01,5.584418781839e+00,2.549814432859e-01,6.410134087330e+02,4.061898573747e+04,6.136252699885e+01,4.049252321047e+04,6.510000000000e+01,3.606347331184e+03
1.000000000000e+01,5.616108922684e+00,2.365595474839e-01,5.947014808092e+02,4.072533700556e+04,6.171074356340e+01,4.059852626199e+04,6.510000000000e+01,3.105599365819e+03
1.000000000000e+01,5.647799063529e+00,2.182936854661e-01,5.487818157362e+02,4.081647389719e+04,6.205896012795e+01,4.068931493706e+04,6.510000000000e+01,2.646151128372e+03
1.000000000000e+01,5.679489204374e+00,2.003002911806e-01,5.035471239212e+02,4.089373108118e+04,6.240717669249e+01,4.076622390449e+04,6.510000000000e+01,2.229635594729e+03
1.000000000000e+01,5.711179345219e+00,1.826828345656e-01,4.592575247549e+02,4.095847644199e+04,6.275539325704e+01,4.083062104873e+04,6.510000000000e+01,1.856516065033e+03
1.000000000000e+01,5.742869486064e+00,1.655316911638e-01,4.161402188286e+02,4.101207659476e+04,6.310360982159e+01,4.088387298494e+04,6.510000000000e+01,1.526249132257e+03
1.000000000000e+01,5.774559626909e+00,1.489239092916e-01,3.743889026066e+02,4.105586759989e+04,6.345182638614e+01,4.092731577350e+04,6.510000000000e+01,1.237449858104e+03
1.000000000000e+01,5.806249767754e+00,1.329236011952e-01,3.341647517763e+02,4.109113106139e+04,6.380004295068e+01,4.096223101844e+04,6.510000000000e+01,9.880663787831e+02
1.000000000000e+01,5.837939908599e+00,1.175825484097e-01,2.955979430985e+02,4.111907563842e+04,6.414825951523e+01,4.098982737890e+04,6.510000000000e+01,7.755469268337e+02
1.000000000000e+01,5.869630049445e+00,1.029406953603e-01,2.587888953011e+02,4.114082359021e+04,6.449647607978e+01,4.101122711413e+04,6.510000000000e+01,5.969904750458e+02
1.000000000000e+01,5.901320190290e+00,8.902704343200e-02,2.238105167354e+02,4.115740190999e+04,6.484469264432e+01,4.102745721735e+04,6.510000000000e+01,4.492857069099e+02
1.000000000000e+01,5.933010331135e+00,7.586066145450e-02,1.907107456959e+02,4.116973755913e+04,6.519290920887e+01,4.103944464992e+04,6.510000000000e+01,3.292308167321e+02
1.000000000000e+01,5.964700471980e+00,6.345147266984e-02,1.595145288264e+02,4.117865614283e+04,6.554112577342e+01,4.104801501706e+04,6.510000000000e+01,2.336309100815e+02
1.000000000000e+01,5.996390612825e+00,5.180138163269e-02,1.302266541029e+02,4.118488341657e+04,6.588934233796e+01,4.105389407423e+04,6.510000000000e+01,1.593792547377e+02
1.000000000000e+01,6.028080753670e+00,4.090528935194e-02,1.028343028606e+02,4.118904904982e+04,6.623755890251e+01,4.105771149092e+04,6.510000000000e+01,1.035184882901e+02
1.000000000000e+01,6.059770894515e+00,3.075196174905e-02,7.730923306399e+01,4.119169205405e+04,6.658577546706e+01,4.106000627859e+04,6.510000000000e+01,6.328444542117e+01
1.000000000000e+01,6.091461035360e+00,2.132505644113e-02,5.361036059955e+01,4.119326738255e+04,6.693399203160e+01,4.106123339052e+04,6.510000000000e+01,3.613628632954e+01
1.000000000000e+01,6.123151176205e+00,1.260394696146e-02,3.168583133400e+01,4.119415327066e+04,6.728220859615e+01,4.106177106206e+04,6.510000000000e+01,1.977309633703e+01
1.000000000000e+01,6.154841317050e+00,4.564664268401e-03,1.147538803099e+01,4.119465894236e+04,6.763042516070e+01,4.106192851720e+04,6.510000000000e+01,1.214040678947e+01
1.000000000000e+01,6.186531457895e+00,2.819543587975e-03,7.088222668708e+00,4.119503238214e+04,6.797864172525e+01,4.106195374041e+04,6.510000000000e+01,1.142779252818e+01
1.000000000000e+01,6.218221598740e+00,9.577407618053e-03,2.407722940524e+01,4.119546793854e+04,6.832685828979e+01,4.106204108025e+04,6.510000000000e+01,1.606065568646e+01
1.000000000000e+01,6.249911739585e+00,1.573906978592e-02,3.956740790132e+01,4.119611358785e+04,6.867507485434e+01,4.106233851300e+04,6.510000000000e+01,2.468699011818e+01
1.000000000000e+01,6.281601880430e+00,2.133556175977e-02,5.363677056109e+01,4.119707772965e+04,6.902329141889e+01,4.106295443823e+04,6.510000000000e+01,3.616106976488e+01
1.000000000000e+01,6.313292021276e+00,2.639835467562e-02,6.636443459372e+01,4.119843543544e+04,6.937150798343e+01,4.106396392745e+04,6.510000000000e+01,4.952525121369e+01
1.000000000000e+01,6.344982162121e+00,3.095890861005e-02,7.782948940533e+01,4.120023410328e+04,6.971972454798e+01,4.106541437873e+04,6.510000000000e+01,6.399067458251e+01
1.000000000000e+01,6.376672302966e+00,3.504844848067e-02,8.811043322161e+01,4.120249850669e+04,7.006794111253e+01,4.106733056558e+04,6.510000000000e+01,7.891834101980e+01
1.000000000000e+01,6.408362443811e+00,3.869762178510e-02,9.728431265688e+01,4.120523524485e+04,7.041615767707e+01,4.106971908718e+04,6.510000000000e+01,9.380024517773e+01
1.000000000000e+01,6.440052584656e+00,4.193629138172e-02,1.054262017729e+02,4.120843661295e+04,7.076437424162e+01,4.107257223871e+04,6.510000000000e+01,1.082416523253e+02
1.000000000000e+01,6.471742725501e+00,4.479336086661e-02,1.126087630836e+02,4.121208393010e+04,7.111259080617e+01,4.107587133929e+04,6.510000000000e+01,1.219445854762e+02
1.000000000000e+01,6.503432866346e+00,4.729665815830e-02,1.189019548914e+02,4.121615036790e+04,7.146080737071e+01,4.107958956053e+04,6.510000000000e+01,1.346928223217e+02
1.000000000000e+01,6.535123007191e+00,4.947279579937e-02,1.243726800909e+02,4.122060332262e+04,7.180902393526e+01,4.108369429869e+04,6.510000000000e+01,1.463380982366e+02
1.000000000000e+01,6.566813148036e+00,5.134715232998e-02,1.290847393426e+02,4.122540638142e+04,7.215724049981e+01,4.108814914092e+04,6.510000000000e+01,1.567882790456e+02
1.000000000000e+01,6.598503288881e+00,5.294379312545e-02,1.330986320622e+02,4.123052093006e+04,7.250545706435e+01,4.109291547299e+04,6.510000000000e+01,1.659965683952e+02
1.000000000000e+01,6.630193429726e+00,5.428547505289e-02,1.364715681263e+02,4.123590744612e+04,7.285367362890e+01,4.109795377249e+04,6.510000000000e+01,1.739524450829e+02
1.000000000000e+01,6.661883570571e+00,5.539362318814e-02,1.392574093405e+02,4.124152652149e+04,7.320189019345e+01,4.110322463130e+04,6.510000000000e+01,1.806736451399e+02
1.000000000000e+01,6.693573711416e+00,5.628836806864e-02,1.415067630911e+02,4.124733965393e+04,7.355010675800e+01,4.110868954717e+04,6.510000000000e+01,1.861996021525e+02
1.000000000000e+01,6.725263852261e+00,5.698853172362e-02,1.432669472260e+02,4.125330984161e+04,7.389832332254e+01,4.111431151829e+04,6.510000000000e+01,1.905855761131e+02
1.000000000000e+01,6.756953993107e+00,5.751171149313e-02,1.445822007719e+02,4.125940201537e+04,7.424653988709e+01,4.112005547549e+04,6.510000000000e+01,1.938982789734e+02
1.000000000000e+01,6.788644133952e+00,5.787428934127e-02,1.454937073481e+02,4.126558333756e+04,7.459475645164e+01,4.112588858111e+04,6.510000000000e+01,1.962118323296e+02
1.000000000000e+01,6.820334274797e+00,5.809149239212e-02,1.460397473510e+02,4.127182338881e+04,7.494297301618e+01,4.113178041579e+04,6.510000000000e+01,1.976047354534e+02
1.000000000000e+01,6.852024415642e+00,5.817743949592e-02,1.462558150195e+02,4.127809426688e+04,7.529118958073e+01,4.113770307730e+04,6.510000000000e+01,1.981573471344e+02
1.000000000000e+01,6.883714556487e+00,5.814518779516e-02,1.461747355011e+02,4.128437061384e+04,7.563940614528e+01,4.114363120770e+04,6.510000000000e+01,1.979498835125e+02
1.000000000000e+01,6.915404697332e+00,5.800681654364e-02,1.458268755687e+02,4.129062959064e+04,7.598762270982e+01,4.114954196793e+04,6.510000000000e+01,1.970610964816e+02
1.000000000000e+01,6.947094838177e+00,5.777344573289e-02,1.452401904478e+02,4.129685080898e+04,7.633583927437e+01,4.115541496970e+04,6.510000000000e+01,1.955669052093e+02
1.000000000000e+01,6.978784979022e+00,5.745532456785e-02,1.444404462399e+02,4.130301623195e+04,7.668405583892e+01,4.116123217611e+04,6.510000000000e+01,1.935397891101e+02
1.000000000000e+01,7.010475119867e+00,5.706186406314e-02,1.434513018689e+02,4.130911005385e+04,7.703227240346e+01,4.116697778145e+04,6.510000000000e+01,1.910480822169e+02
1.000000000000e+01,7.042165260712e+00,5.660170223564e-02,1.422944729726e+02,4.131511856435e+04,7.738048896801e+01,4.117263807538e+04,6.510000000000e+01,1.881556912352e+02
1.000000000000e+01,7.073855401557e+00,5.608275067061e-02,1.409898489679e+02,4.132103000458e+04,7.772870553256e+01,4.117820129905e+04,6.510000000000e+01,1.849218703778e+02
1.000000000000e+01,7.105545542402e+00,5.551225505769e-02,1.395556452361e+02,4.132683441984e+04,7.807692209710e+01,4.118365749774e+04,6.510000000000e+01,1.814012256739e+02
1.000000000000e+01,7.137235683247e+00,5.489681381732e-02,1.380084499489e+02,4.133252350998e+04,7.842513866165e+01,4.118899837132e+04,6.510000000000e+01,1.776435743993e+02
1.000000000000e+01,7.168925824092e+00,5.424246191978e-02,1.363634347864e+02,4.133809048331e+04,7.877335522620e+01,4.119421712808e+04,6.510000000000e+01,1.736942976820e+02
1.000000000000e+01,7.200615964937e+00,5.355469882488e-02,1.346344251762e+02,4.134352991715e+04,7.912157179075e+01,4.119930834536e+04,6.510000000000e+01,1.695944160201e+02
1.000000000000e+01,7.232306105783e+00,5.283851176500e-02,1.328339588261e+02,4.134883762141e+04,7.946978835529e+01,4.120426783306e+04,6.510000000000e+01,1.653806975503e+02
1.000000000000e+01,7.263996246628e+00,5.209843628109e-02,1.309734379092e+02,4.135401050970e+04,7.981800491984e+01,4.120909250478e+04,6.510000000000e+01,1.610860297282e+02
1.000000000000e+01,7.295686387473e+00,5.133858881891e-02,1.290632110096e+02,4.135904647999e+04,8.016622148439e+01,4.121378025851e+04,6.510000000000e+01,1.567396509639e+02
1.000000000000e+01,7.327376528318e+00,5.056269001216e-02,1.271126316555e+02,4.136394430222e+04,8.051443804893e+01,4.121832986417e+04,6.510000000000e+01,1.523673520039e+02
